,,注释 1,注释 2,注释 3,注释 4,注释 5,注释 6,注释 7,注释 8
R30003,,隐式通信停止请求,,,,,,,
R30005,,隐式通信重开请求,,,,,,,
R30100,,批量备份执行请求,,,,,,,
R30102,,批量恢复执行请求,,,,,,,
R30104,,分别备份执行请求,,,,,,,
R30106,,分别恢复执行请求,,,,,,,
R30108,,备份/恢复中断请求,,,,,,,
R30109,,备份/恢复出错时继续运行,,,,,,,
R30200,,批量传输0读取请求,,,,,,,
R30201,,批量传输1读取请求,,,,,,,
R30202,,批量传输2读取请求,,,,,,,
R30203,,批量传输3读取请求,,,,,,,
R30204,,批量传输4读取请求,,,,,,,
R30205,,批量传输5读取请求,,,,,,,
R30206,,批量传输6读取请求,,,,,,,
R30207,,批量传输7读取请求,,,,,,,
R30400,,批量传输0写入请求,,,,,,,
R30401,,批量传输1写入请求,,,,,,,
R30402,,批量传输2写入请求,,,,,,,
R30403,,批量传输3写入请求,,,,,,,
R30404,,批量传输4写入请求,,,,,,,
R30405,,批量传输5写入请求,,,,,,,
R30406,,批量传输6写入请求,,,,,,,
R30407,,批量传输7写入请求,,,,,,,
R30500,,批量传输0出错时继续运行,,,,,,,
R30501,,批量传输1出错时继续运行,,,,,,,
R30502,,批量传输2出错时继续运行,,,,,,,
R30503,,批量传输3出错时继续运行,,,,,,,
R30504,,批量传输4出错时继续运行,,,,,,,
R30505,,批量传输5出错时继续运行,,,,,,,
R30506,,批量传输6出错时继续运行,,,,,,,
R30507,,批量传输7出错时继续运行,,,,,,,
R30600,,批量传输0中断请求,,,,,,,
R30601,,批量传输1中断请求,,,,,,,
R30602,,批量传输2中断请求,,,,,,,
R30603,,批量传输3中断请求,,,,,,,
R30604,,批量传输4中断请求,,,,,,,
R30605,,批量传输5中断请求,,,,,,,
R30606,,批量传输6中断请求,,,,,,,
R30607,,批量传输7中断请求,,,,,,,
R30700,,显式报文通信执行请求,,,,,,,
R30702,,节点状态获取请求,,,,,,,
R30714,,IP 地址设定更改要求,,,,,,,
R30800,,日志/跟踪邮件使能ID0,,,,,,,
R30801,,日志/跟踪邮件使能ID1,,,,,,,
R30802,,日志/跟踪邮件使能ID2,,,,,,,
R30803,,日志/跟踪邮件使能ID3,,,,,,,
R30804,,日志/跟踪邮件使能ID4,,,,,,,
R30805,,日志/跟踪邮件使能ID5,,,,,,,
R30806,,日志/跟踪邮件使能ID6,,,,,,,
R30807,,日志/跟踪邮件使能ID7,,,,,,,
R30808,,日志/跟踪邮件使能ID8,,,,,,,
R30809,,日志/跟踪邮件使能ID9,,,,,,,
R30810,,邮件发送请求,,,,,,,
R30900,,PLC事件邮件使能ID0,,,,,,,
R30901,,PLC事件邮件使能ID1,,,,,,,
R30902,,PLC事件邮件使能ID2,,,,,,,
R30903,,PLC事件邮件使能ID3,,,,,,,
R30904,,PLC事件邮件使能ID4,,,,,,,
R30905,,PLC事件邮件使能ID5,,,,,,,
R30906,,PLC事件邮件使能ID6,,,,,,,
R30907,,PLC事件邮件使能ID7,,,,,,,
R30908,,PLC事件邮件使能ID8,,,,,,,
R30909,,PLC事件邮件使能ID9,,,,,,,
R30910,,PLC事件邮件使能ID10,,,,,,,
R30911,,PLC事件邮件使能ID11,,,,,,,
R30912,,PLC事件邮件使能ID12,,,,,,,
R30913,,PLC事件邮件使能ID13,,,,,,,
R30914,,PLC事件邮件使能ID14,,,,,,,
R30915,,PLC事件邮件使能ID15,,,,,,,
R31001,,隐式所有节点正在通信,,,,,,,
R31002,,隐式所有节点停止,,,,,,,
R31003,,隐式停止完成,,,,,,,
R31005,,隐式重新开始完成,,,,,,,
R31007,,适配器出错(整体),,,,,,,
R31008,,适配器警告(整体),,,,,,,
R31009,,隐式 超负荷,,,,,,,
R31100,,批量备份执行完成,,,,,,,
R31101,,批量备份执行失败,,,,,,,
R31102,,批量恢复执行完成,,,,,,,
R31103,,批量恢复执行失败,,,,,,,
R31104,,分别备份执行完成,,,,,,,
R31105,,分别备份执行失败,,,,,,,
R31106,,分别恢复执行完成,,,,,,,
R31107,,分别恢复执行失败,,,,,,,
R31108,,备份/恢复正在执行,,,,,,,
R31200,,批量传输0读取完成,,,,,,,
R31201,,批量传输1读取完成,,,,,,,
R31202,,批量传输2读取完成,,,,,,,
R31203,,批量传输3读取完成,,,,,,,
R31204,,批量传输4读取完成,,,,,,,
R31205,,批量传输5读取完成,,,,,,,
R31206,,批量传输6读取完成,,,,,,,
R31207,,批量传输7读取完成,,,,,,,
R31300,,批量传输0读取失败,,,,,,,
R31301,,批量传输1读取失败,,,,,,,
R31302,,批量传输2读取失败,,,,,,,
R31303,,批量传输3读取失败,,,,,,,
R31304,,批量传输4读取失败,,,,,,,
R31305,,批量传输5读取失败,,,,,,,
R31306,,批量传输6读取失败,,,,,,,
R31307,,批量传输7读取失败,,,,,,,
R31400,,批量传输0写入完成,,,,,,,
R31401,,批量传输1写入完成,,,,,,,
R31402,,批量传输2写入完成,,,,,,,
R31403,,批量传输3写入完成,,,,,,,
R31404,,批量传输4写入完成,,,,,,,
R31405,,批量传输5写入完成,,,,,,,
R31406,,批量传输6写入完成,,,,,,,
R31407,,批量传输7写入完成,,,,,,,
R31500,,批量传输0写入失败,,,,,,,
R31501,,批量传输1写入失败,,,,,,,
R31502,,批量传输2写入失败,,,,,,,
R31503,,批量传输3写入失败,,,,,,,
R31504,,批量传输4写入失败,,,,,,,
R31505,,批量传输5写入失败,,,,,,,
R31506,,批量传输6写入失败,,,,,,,
R31507,,批量传输7写入失败,,,,,,,
R31600,,批量传输0正在执行,,,,,,,
R31601,,批量传输1正在执行,,,,,,,
R31602,,批量传输2正在执行,,,,,,,
R31603,,批量传输3正在执行,,,,,,,
R31604,,批量传输4正在执行,,,,,,,
R31605,,批量传输5正在执行,,,,,,,
R31606,,批量传输6正在执行,,,,,,,
R31607,,批量传输7正在执行,,,,,,,
R31700,,显式报文通信完成,,,,,,,
R31701,,显式报文通信失败,,,,,,,
R31702,,节点状态获取完成,,,,,,,
R31703,,节点状态获取失败,,,,,,,
R31714,,IP 地址设定更改接受完成,,,,,,,
R31715,,IP 地址设定更改接受失败,,,,,,,
R31810,,邮件发送请求受理,,,,,,,
R31811,,邮件发送完成,,,,,,,
R31812,,邮件发送失败,,,,,,,
R31813,,邮件可发送接收,,,,,,,
R31814,,软元件触发器检测使能,,,,,,,
R31900,,IP地址有效,,,,,,,
R31901,,以太网 链接状态,,,,,,,
R32000,,FTP文件传输请求 ID0,,,,,,,
R32001,,FTP文件传输请求 ID1,,,,,,,
R32002,,FTP文件传输请求 ID2,,,,,,,
R32003,,FTP文件传输请求 ID3,,,,,,,
R32004,,FTP文件传输请求 ID4,,,,,,,
R32005,,FTP文件传输请求 ID5,,,,,,,
R32006,,FTP文件传输请求 ID6,,,,,,,
R32007,,FTP文件传输请求 ID7,,,,,,,
R32008,,FTP文件传输请求 ID8,,,,,,,
R32009,,FTP文件传输请求 ID9,,,,,,,
R32100,,FTP文件传输中断 ID0,,,,,,,
R32101,,FTP文件传输中断 ID1,,,,,,,
R32102,,FTP文件传输中断 ID2,,,,,,,
R32103,,FTP文件传输中断 ID3,,,,,,,
R32104,,FTP文件传输中断 ID4,,,,,,,
R32105,,FTP文件传输中断 ID5,,,,,,,
R32106,,FTP文件传输中断 ID6,,,,,,,
R32107,,FTP文件传输中断 ID7,,,,,,,
R32108,,FTP文件传输中断 ID8,,,,,,,
R32109,,FTP文件传输中断 ID9,,,,,,,
R32200,,日志/跟踪FTP传输使能 ID0,,,,,,,
R32201,,日志/跟踪FTP传输使能 ID1,,,,,,,
R32202,,日志/跟踪FTP传输使能 ID2,,,,,,,
R32203,,日志/跟踪FTP传输使能 ID3,,,,,,,
R32204,,日志/跟踪FTP传输使能 ID4,,,,,,,
R32205,,日志/跟踪FTP传输使能 ID5,,,,,,,
R32206,,日志/跟踪FTP传输使能 ID6,,,,,,,
R32207,,日志/跟踪FTP传输使能 ID7,,,,,,,
R32208,,日志/跟踪FTP传输使能 ID8,,,,,,,
R32209,,日志/跟踪FTP传输使能 ID9,,,,,,,
R32300,,PLC连接停止请求 No.0,,,,,,,
R32301,,PLC连接停止请求 No.1,,,,,,,
R32302,,PLC连接停止请求 No.2,,,,,,,
R32303,,PLC连接停止请求 No.3,,,,,,,
R32304,,PLC连接停止请求 No.4,,,,,,,
R32305,,PLC连接停止请求 No.5,,,,,,,
R32306,,PLC连接停止请求 No.6,,,,,,,
R32307,,PLC连接停止请求 No.7,,,,,,,
R32308,,PLC连接停止请求 No.8,,,,,,,
R32309,,PLC连接停止请求 No.9,,,,,,,
R32310,,PLC连接停止请求 No.10,,,,,,,
R32311,,PLC连接停止请求 No.11,,,,,,,
R32312,,PLC连接停止请求 No.12,,,,,,,
R32313,,PLC连接停止请求 No.13,,,,,,,
R32314,,PLC连接停止请求 No.14,,,,,,,
R32315,,PLC连接停止请求 No.15,,,,,,,
R32400,,PLC连接停止请求 No.16,,,,,,,
R32401,,PLC连接停止请求 No.17,,,,,,,
R32402,,PLC连接停止请求 No.18,,,,,,,
R32403,,PLC连接停止请求 No.19,,,,,,,
R32404,,PLC连接停止请求 No.20,,,,,,,
R32405,,PLC连接停止请求 No.21,,,,,,,
R32406,,PLC连接停止请求 No.22,,,,,,,
R32407,,PLC连接停止请求 No.23,,,,,,,
R32408,,PLC连接停止请求 No.24,,,,,,,
R32409,,PLC连接停止请求 No.25,,,,,,,
R32410,,PLC连接停止请求 No.26,,,,,,,
R32411,,PLC连接停止请求 No.27,,,,,,,
R32412,,PLC连接停止请求 No.28,,,,,,,
R32413,,PLC连接停止请求 No.29,,,,,,,
R32414,,PLC连接停止请求 No.30,,,,,,,
R32415,,PLC连接停止请求 No.31,,,,,,,
R33000,,FTP文件传输完成 ID0,,,,,,,
R33001,,FTP文件传输完成 ID1,,,,,,,
R33002,,FTP文件传输完成 ID2,,,,,,,
R33003,,FTP文件传输完成 ID3,,,,,,,
R33004,,FTP文件传输完成 ID4,,,,,,,
R33005,,FTP文件传输完成 ID5,,,,,,,
R33006,,FTP文件传输完成 ID6,,,,,,,
R33007,,FTP文件传输完成 ID7,,,,,,,
R33008,,FTP文件传输完成 ID8,,,,,,,
R33009,,FTP文件传输完成 ID9,,,,,,,
R33100,,FTP文件传输错误 ID0,,,,,,,
R33101,,FTP文件传输错误 ID1,,,,,,,
R33102,,FTP文件传输错误 ID2,,,,,,,
R33103,,FTP文件传输错误 ID3,,,,,,,
R33104,,FTP文件传输错误 ID4,,,,,,,
R33105,,FTP文件传输错误 ID5,,,,,,,
R33106,,FTP文件传输错误 ID6,,,,,,,
R33107,,FTP文件传输错误 ID7,,,,,,,
R33108,,FTP文件传输错误 ID8,,,,,,,
R33109,,FTP文件传输错误 ID9,,,,,,,
R33200,,日志/跟踪FTP传输中 ID0,,,,,,,
R33201,,日志/跟踪FTP传输中 ID1,,,,,,,
R33202,,日志/跟踪FTP传输中 ID2,,,,,,,
R33203,,日志/跟踪FTP传输中 ID3,,,,,,,
R33204,,日志/跟踪FTP传输中 ID4,,,,,,,
R33205,,日志/跟踪FTP传输中 ID5,,,,,,,
R33206,,日志/跟踪FTP传输中 ID6,,,,,,,
R33207,,日志/跟踪FTP传输中 ID7,,,,,,,
R33208,,日志/跟踪FTP传输中 ID8,,,,,,,
R33209,,日志/跟踪FTP传输中 ID9,,,,,,,
R33215,,FTP客户端可运行,,,,,,,
R33300,,PLC连接中 No.0,,,,,,,
R33301,,PLC连接中 No.1,,,,,,,
R33302,,PLC连接中 No.2,,,,,,,
R33303,,PLC连接中 No.3,,,,,,,
R33304,,PLC连接中 No.4,,,,,,,
R33305,,PLC连接中 No.5,,,,,,,
R33306,,PLC连接中 No.6,,,,,,,
R33307,,PLC连接中 No.7,,,,,,,
R33308,,PLC连接中 No.8,,,,,,,
R33309,,PLC连接中 No.9,,,,,,,
R33310,,PLC连接中 No.10,,,,,,,
R33311,,PLC连接中 No.11,,,,,,,
R33312,,PLC连接中 No.12,,,,,,,
R33313,,PLC连接中 No.13,,,,,,,
R33314,,PLC连接中 No.14,,,,,,,
R33315,,PLC连接中 No.15,,,,,,,
R33400,,PLC连接中 No.16,,,,,,,
R33401,,PLC连接中 No.17,,,,,,,
R33402,,PLC连接中 No.18,,,,,,,
R33403,,PLC连接中 No.19,,,,,,,
R33404,,PLC连接中 No.20,,,,,,,
R33405,,PLC连接中 No.21,,,,,,,
R33406,,PLC连接中 No.22,,,,,,,
R33407,,PLC连接中 No.23,,,,,,,
R33408,,PLC连接中 No.24,,,,,,,
R33409,,PLC连接中 No.25,,,,,,,
R33410,,PLC连接中 No.26,,,,,,,
R33411,,PLC连接中 No.27,,,,,,,
R33412,,PLC连接中 No.28,,,,,,,
R33413,,PLC连接中 No.29,,,,,,,
R33414,,PLC连接中 No.30,,,,,,,
R33415,,PLC连接中 No.31,,,,,,,
R34000,,动作使能,,,,,,,
R34002,,强制停止,,,,,,,
R34007,,闪存写入请求,,,,,,,
R34008,,同步接点输出参数更改请求,,,,,,,
R34011,,凸轮自动生成读取请求,,,,,,,
R34012,,凸轮自动生成写入请求,,,,,,,
R34013,,清除单元程序错误,,,,,,,
R34200,,轴1 定位控制开始,,,,,,,
R34201,,轴1 定位脉冲输出完成清除,,,,,,,
R34202,,轴1 定位完成清除,,,,,,,
R34203,,轴1 当前坐标更改请求,,,,,,,
R34204,,轴1 定位目标坐标更改请求,,,,,,,
R34205,,轴1 定位速度更改请求,,,,,,,
R34206,,轴1 定位重新运行,,,,,,,
R34207,,轴1 定位 M 代码 OFF 指令,,,,,,,
R34208,,轴1 定位强制执行下一点请求,,,,,,,
R34209,,轴1 定位连续运转中断请求,,,,,,,
R34210,,轴1 定位指定角停止请求,,,,,,,
R34211,,轴1 定位停止传感器请求,,,,,,,
R34212,,轴1 定位原点传感器请求,,,,,,,
R34300,,轴1 轴错误清除,,,,,,,
R34302,,轴1 减速停止,,,,,,,
R34303,,轴1 定位待机解除,,,,,,,
R34304,,轴1 圆弧插补示教,,,,,,,
R34305,,轴1 伺服 ON,,,,,,,
R34306,,轴1 驱动报警复位,,,,,,,
R34307,,轴1 特殊功能开始请求,,,,,,,
R34308,,轴1 特殊功能解除请求,,,,,,,
R34309,,轴1 示教请求,,,,,,,
R34310,,轴1 原点复归请求,,,,,,,
R34311,,轴1 初始位置移动请求,,,,,,,
R34312,,轴1 高速原点移动请求,,,,,,,
R34313,,轴1 JOG (+),,,,,,,
R34314,,轴1 JOG (-),,,,,,,
R34315,,轴1 高速 JOG,,,,,,,
R34400,,轴1 同步控制开始请求,,,,,,,
R34401,,轴1 同步控制解除请求,,,,,,,
R34403,,轴1 同步主离合器控制,,,,,,,
R34404,,轴1 同步主离合器ON禁止,,,,,,,
R34405,,轴1 同步主离合器OFF禁止,,,,,,,
R34406,,轴1 同步主离合器ON请求,,,,,,,
R34407,,轴1 同步主离合器OFF请求,,,,,,,
R34408,,轴1 同步辅离合器控制,,,,,,,
R34409,,轴1 同步辅离合器ON禁止,,,,,,,
R34410,,轴1 同步辅离合器OFF禁止,,,,,,,
R34411,,轴1 同步辅离合器ON请求,,,,,,,
R34412,,轴1 同步辅离合器OFF请求,,,,,,,
R34414,,轴1 同步凸轮切换请求,,,,,,,
R34415,,轴1 同步转矩限制离合器重连请求,,,,,,,
R34500,,轴1 同步转矩限制离合器 JOG (+),,,,,,,
R34501,,轴1 同步转矩限制离合器 JOG (-),,,,,,,
R34502,,轴1 同步仿真机械同步停止,,,,,,,
R34504,,轴1 停止传感器检测去能,,,,,,,
R34505,,轴1 控制模式更改请求,,,,,,,
R34506,,轴1 增益切换,,,,,,,
R34507,,轴1 点参数转矩限制使能,,,,,,,
R34510,,轴1 伺服参数读取请求,,,,,,,
R34511,,轴1 伺服参数写入请求,,,,,,,
R34512,,轴1 1个伺服参数读取请求,,,,,,,
R34513,,轴1 1个伺服参数写入请求,,,,,,,
R34514,,轴1 从站重启请求,,,,,,,
R34515,,轴1 ML-III 指令通信请求,,,,,,,
R34600,,轴2 定位控制开始,,,,,,,
R34601,,轴2 定位脉冲输出完成清除,,,,,,,
R34602,,轴2 定位完成清除,,,,,,,
R34603,,轴2 当前坐标更改请求,,,,,,,
R34604,,轴2 定位目标坐标更改请求,,,,,,,
R34605,,轴2 定位速度更改请求,,,,,,,
R34606,,轴2 定位重新运行,,,,,,,
R34607,,轴2 定位 M 代码 OFF 指令,,,,,,,
R34608,,轴2 定位强制执行下一点请求,,,,,,,
R34609,,轴2 定位连续运转中断请求,,,,,,,
R34610,,轴2 定位指定角停止请求,,,,,,,
R34611,,轴2 定位停止传感器请求,,,,,,,
R34612,,轴2 定位原点传感器请求,,,,,,,
R34700,,轴2 轴错误清除,,,,,,,
R34702,,轴2 减速停止,,,,,,,
R34703,,轴2 定位待机解除,,,,,,,
R34704,,轴2 圆弧插补示教,,,,,,,
R34705,,轴2 伺服 ON,,,,,,,
R34706,,轴2 驱动报警复位,,,,,,,
R34707,,轴2 特殊功能开始请求,,,,,,,
R34708,,轴2 特殊功能解除请求,,,,,,,
R34709,,轴2 示教请求,,,,,,,
R34710,,轴2 原点复归请求,,,,,,,
R34711,,轴2 初始位置移动请求,,,,,,,
R34712,,轴2 高速原点移动请求,,,,,,,
R34713,,轴2 JOG (+),,,,,,,
R34714,,轴2 JOG (-),,,,,,,
R34715,,轴2 高速 JOG,,,,,,,
R34800,,轴2 同步控制开始请求,,,,,,,
R34801,,轴2 同步控制解除请求,,,,,,,
R34803,,轴2 同步主离合器控制,,,,,,,
R34804,,轴2 同步主离合器ON禁止,,,,,,,
R34805,,轴2 同步主离合器OFF禁止,,,,,,,
R34806,,轴2 同步主离合器ON请求,,,,,,,
R34807,,轴2 同步主离合器OFF请求,,,,,,,
R34808,,轴2 同步辅离合器控制,,,,,,,
R34809,,轴2 同步辅离合器ON禁止,,,,,,,
R34810,,轴2 同步辅离合器OFF禁止,,,,,,,
R34811,,轴2 同步辅离合器ON请求,,,,,,,
R34812,,轴2 同步辅离合器OFF请求,,,,,,,
R34814,,轴2 同步凸轮切换请求,,,,,,,
R34815,,轴2 同步转矩限制离合器重连请求,,,,,,,
R34900,,轴2 同步转矩限制离合器 JOG (+),,,,,,,
R34901,,轴2 同步转矩限制离合器 JOG (-),,,,,,,
R34902,,轴2 同步仿真机械同步停止,,,,,,,
R34904,,轴2 停止传感器检测去能,,,,,,,
R34905,,轴2 控制模式更改请求,,,,,,,
R34906,,轴2 增益切换,,,,,,,
R34907,,轴2 点参数转矩限制使能,,,,,,,
R34910,,轴2 伺服参数读取请求,,,,,,,
R34911,,轴2 伺服参数写入请求,,,,,,,
R34912,,轴2 1个伺服参数读取请求,,,,,,,
R34913,,轴2 1个伺服参数写入请求,,,,,,,
R34914,,轴2 从站重启请求,,,,,,,
R34915,,轴2 ML-III 指令通信请求,,,,,,,
R35000,,轴3 定位控制开始,,,,,,,
R35001,,轴3 定位脉冲输出完成清除,,,,,,,
R35002,,轴3 定位完成清除,,,,,,,
R35003,,轴3 当前坐标更改请求,,,,,,,
R35004,,轴3 定位目标坐标更改请求,,,,,,,
R35005,,轴3 定位速度更改请求,,,,,,,
R35006,,轴3 定位重新运行,,,,,,,
R35007,,轴3 定位 M 代码 OFF 指令,,,,,,,
R35008,,轴3 定位强制执行下一点请求,,,,,,,
R35009,,轴3 定位连续运转中断请求,,,,,,,
R35010,,轴3 定位指定角停止请求,,,,,,,
R35011,,轴3 定位停止传感器请求,,,,,,,
R35012,,轴3 定位原点传感器请求,,,,,,,
R35100,,轴3 轴错误清除,,,,,,,
R35102,,轴3 减速停止,,,,,,,
R35103,,轴3 定位待机解除,,,,,,,
R35104,,轴3 圆弧插补示教,,,,,,,
R35105,,轴3 伺服 ON,,,,,,,
R35106,,轴3 驱动报警复位,,,,,,,
R35107,,轴3 特殊功能开始请求,,,,,,,
R35108,,轴3 特殊功能解除请求,,,,,,,
R35109,,轴3 示教请求,,,,,,,
R35110,,轴3 原点复归请求,,,,,,,
R35111,,轴3 初始位置移动请求,,,,,,,
R35112,,轴3 高速原点移动请求,,,,,,,
R35113,,轴3 JOG (+),,,,,,,
R35114,,轴3 JOG (-),,,,,,,
R35115,,轴3 高速 JOG,,,,,,,
R35200,,轴3 同步控制开始请求,,,,,,,
R35201,,轴3 同步控制解除请求,,,,,,,
R35203,,轴3 同步主离合器控制,,,,,,,
R35204,,轴3 同步主离合器ON禁止,,,,,,,
R35205,,轴3 同步主离合器OFF禁止,,,,,,,
R35206,,轴3 同步主离合器ON请求,,,,,,,
R35207,,轴3 同步主离合器OFF请求,,,,,,,
R35208,,轴3 同步辅离合器控制,,,,,,,
R35209,,轴3 同步辅离合器ON禁止,,,,,,,
R35210,,轴3 同步辅离合器OFF禁止,,,,,,,
R35211,,轴3 同步辅离合器ON请求,,,,,,,
R35212,,轴3 同步辅离合器OFF请求,,,,,,,
R35214,,轴3 同步凸轮切换请求,,,,,,,
R35215,,轴3 同步转矩限制离合器重连请求,,,,,,,
R35300,,轴3 同步转矩限制离合器 JOG (+),,,,,,,
R35301,,轴3 同步转矩限制离合器 JOG (-),,,,,,,
R35302,,轴3 同步仿真机械同步停止,,,,,,,
R35304,,轴3 停止传感器检测去能,,,,,,,
R35305,,轴3 控制模式更改请求,,,,,,,
R35306,,轴3 增益切换,,,,,,,
R35307,,轴3 点参数转矩限制使能,,,,,,,
R35310,,轴3 伺服参数读取请求,,,,,,,
R35311,,轴3 伺服参数写入请求,,,,,,,
R35312,,轴3 1个伺服参数读取请求,,,,,,,
R35313,,轴3 1个伺服参数写入请求,,,,,,,
R35314,,轴3 从站重启请求,,,,,,,
R35315,,轴3 ML-III 指令通信请求,,,,,,,
R35400,,轴4 定位控制开始,,,,,,,
R35401,,轴4 定位脉冲输出完成清除,,,,,,,
R35402,,轴4 定位完成清除,,,,,,,
R35403,,轴4 当前坐标更改请求,,,,,,,
R35404,,轴4 定位目标坐标更改请求,,,,,,,
R35405,,轴4 定位速度更改请求,,,,,,,
R35406,,轴4 定位重新运行,,,,,,,
R35407,,轴4 定位 M 代码 OFF 指令,,,,,,,
R35408,,轴4 定位强制执行下一点请求,,,,,,,
R35409,,轴4 定位连续运转中断请求,,,,,,,
R35410,,轴4 定位指定角停止请求,,,,,,,
R35411,,轴4 定位停止传感器请求,,,,,,,
R35412,,轴4 定位原点传感器请求,,,,,,,
R35500,,轴4 轴错误清除,,,,,,,
R35502,,轴4 减速停止,,,,,,,
R35503,,轴4 定位待机解除,,,,,,,
R35504,,轴4 圆弧插补示教,,,,,,,
R35505,,轴4 伺服 ON,,,,,,,
R35506,,轴4 驱动报警复位,,,,,,,
R35507,,轴4 特殊功能开始请求,,,,,,,
R35508,,轴4 特殊功能解除请求,,,,,,,
R35509,,轴4 示教请求,,,,,,,
R35510,,轴4 原点复归请求,,,,,,,
R35511,,轴4 初始位置移动请求,,,,,,,
R35512,,轴4 高速原点移动请求,,,,,,,
R35513,,轴4 JOG (+),,,,,,,
R35514,,轴4 JOG (-),,,,,,,
R35515,,轴4 高速 JOG,,,,,,,
R35600,,轴4 同步控制开始请求,,,,,,,
R35601,,轴4 同步控制解除请求,,,,,,,
R35603,,轴4 同步主离合器控制,,,,,,,
R35604,,轴4 同步主离合器ON禁止,,,,,,,
R35605,,轴4 同步主离合器OFF禁止,,,,,,,
R35606,,轴4 同步主离合器ON请求,,,,,,,
R35607,,轴4 同步主离合器OFF请求,,,,,,,
R35608,,轴4 同步辅离合器控制,,,,,,,
R35609,,轴4 同步辅离合器ON禁止,,,,,,,
R35610,,轴4 同步辅离合器OFF禁止,,,,,,,
R35611,,轴4 同步辅离合器ON请求,,,,,,,
R35612,,轴4 同步辅离合器OFF请求,,,,,,,
R35614,,轴4 同步凸轮切换请求,,,,,,,
R35615,,轴4 同步转矩限制离合器重连请求,,,,,,,
R35700,,轴4 同步转矩限制离合器 JOG (+),,,,,,,
R35701,,轴4 同步转矩限制离合器 JOG (-),,,,,,,
R35702,,轴4 同步仿真机械同步停止,,,,,,,
R35704,,轴4 停止传感器检测去能,,,,,,,
R35705,,轴4 控制模式更改请求,,,,,,,
R35706,,轴4 增益切换,,,,,,,
R35707,,轴4 点参数转矩限制使能,,,,,,,
R35710,,轴4 伺服参数读取请求,,,,,,,
R35711,,轴4 伺服参数写入请求,,,,,,,
R35712,,轴4 1个伺服参数读取请求,,,,,,,
R35713,,轴4 1个伺服参数写入请求,,,,,,,
R35714,,轴4 从站重启请求,,,,,,,
R35715,,轴4 ML-III 指令通信请求,,,,,,,
R35800,,轴5 定位控制开始,,,,,,,
R35801,,轴5 定位脉冲输出完成清除,,,,,,,
R35802,,轴5 定位完成清除,,,,,,,
R35803,,轴5 当前坐标更改请求,,,,,,,
R35804,,轴5 定位目标坐标更改请求,,,,,,,
R35805,,轴5 定位速度更改请求,,,,,,,
R35806,,轴5 定位重新运行,,,,,,,
R35807,,轴5 定位 M 代码 OFF 指令,,,,,,,
R35808,,轴5 定位强制执行下一点请求,,,,,,,
R35809,,轴5 定位连续运转中断请求,,,,,,,
R35810,,轴5 定位指定角停止请求,,,,,,,
R35811,,轴5 定位停止传感器请求,,,,,,,
R35812,,轴5 定位原点传感器请求,,,,,,,
R35900,,轴5 轴错误清除,,,,,,,
R35902,,轴5 减速停止,,,,,,,
R35903,,轴5 定位待机解除,,,,,,,
R35904,,轴5 圆弧插补示教,,,,,,,
R35905,,轴5 伺服 ON,,,,,,,
R35906,,轴5 驱动报警复位,,,,,,,
R35907,,轴5 特殊功能开始请求,,,,,,,
R35908,,轴5 特殊功能解除请求,,,,,,,
R35909,,轴5 示教请求,,,,,,,
R35910,,轴5 原点复归请求,,,,,,,
R35911,,轴5 初始位置移动请求,,,,,,,
R35912,,轴5 高速原点移动请求,,,,,,,
R35913,,轴5 JOG (+),,,,,,,
R35914,,轴5 JOG (-),,,,,,,
R35915,,轴5 高速 JOG,,,,,,,
R36000,,轴5 同步控制开始请求,,,,,,,
R36001,,轴5 同步控制解除请求,,,,,,,
R36003,,轴5 同步主离合器控制,,,,,,,
R36004,,轴5 同步主离合器ON禁止,,,,,,,
R36005,,轴5 同步主离合器OFF禁止,,,,,,,
R36006,,轴5 同步主离合器ON请求,,,,,,,
R36007,,轴5 同步主离合器OFF请求,,,,,,,
R36008,,轴5 同步辅离合器控制,,,,,,,
R36009,,轴5 同步辅离合器ON禁止,,,,,,,
R36010,,轴5 同步辅离合器OFF禁止,,,,,,,
R36011,,轴5 同步辅离合器ON请求,,,,,,,
R36012,,轴5 同步辅离合器OFF请求,,,,,,,
R36014,,轴5 同步凸轮切换请求,,,,,,,
R36015,,轴5 同步转矩限制离合器重连请求,,,,,,,
R36100,,轴5 同步转矩限制离合器 JOG (+),,,,,,,
R36101,,轴5 同步转矩限制离合器 JOG (-),,,,,,,
R36102,,轴5 同步仿真机械同步停止,,,,,,,
R36104,,轴5 停止传感器检测去能,,,,,,,
R36105,,轴5 控制模式更改请求,,,,,,,
R36106,,轴5 增益切换,,,,,,,
R36107,,轴5 点参数转矩限制使能,,,,,,,
R36110,,轴5 伺服参数读取请求,,,,,,,
R36111,,轴5 伺服参数写入请求,,,,,,,
R36112,,轴5 1个伺服参数读取请求,,,,,,,
R36113,,轴5 1个伺服参数写入请求,,,,,,,
R36114,,轴5 从站重启请求,,,,,,,
R36115,,轴5 ML-III 指令通信请求,,,,,,,
R36200,,轴6 定位控制开始,,,,,,,
R36201,,轴6 定位脉冲输出完成清除,,,,,,,
R36202,,轴6 定位完成清除,,,,,,,
R36203,,轴6 当前坐标更改请求,,,,,,,
R36204,,轴6 定位目标坐标更改请求,,,,,,,
R36205,,轴6 定位速度更改请求,,,,,,,
R36206,,轴6 定位重新运行,,,,,,,
R36207,,轴6 定位 M 代码 OFF 指令,,,,,,,
R36208,,轴6 定位强制执行下一点请求,,,,,,,
R36209,,轴6 定位连续运转中断请求,,,,,,,
R36210,,轴6 定位指定角停止请求,,,,,,,
R36211,,轴6 定位停止传感器请求,,,,,,,
R36212,,轴6 定位原点传感器请求,,,,,,,
R36300,,轴6 轴错误清除,,,,,,,
R36302,,轴6 减速停止,,,,,,,
R36303,,轴6 定位待机解除,,,,,,,
R36304,,轴6 圆弧插补示教,,,,,,,
R36305,,轴6 伺服 ON,,,,,,,
R36306,,轴6 驱动报警复位,,,,,,,
R36307,,轴6 特殊功能开始请求,,,,,,,
R36308,,轴6 特殊功能解除请求,,,,,,,
R36309,,轴6 示教请求,,,,,,,
R36310,,轴6 原点复归请求,,,,,,,
R36311,,轴6 初始位置移动请求,,,,,,,
R36312,,轴6 高速原点移动请求,,,,,,,
R36313,,轴6 JOG (+),,,,,,,
R36314,,轴6 JOG (-),,,,,,,
R36315,,轴6 高速 JOG,,,,,,,
R36400,,轴6 同步控制开始请求,,,,,,,
R36401,,轴6 同步控制解除请求,,,,,,,
R36403,,轴6 同步主离合器控制,,,,,,,
R36404,,轴6 同步主离合器ON禁止,,,,,,,
R36405,,轴6 同步主离合器OFF禁止,,,,,,,
R36406,,轴6 同步主离合器ON请求,,,,,,,
R36407,,轴6 同步主离合器OFF请求,,,,,,,
R36408,,轴6 同步辅离合器控制,,,,,,,
R36409,,轴6 同步辅离合器ON禁止,,,,,,,
R36410,,轴6 同步辅离合器OFF禁止,,,,,,,
R36411,,轴6 同步辅离合器ON请求,,,,,,,
R36412,,轴6 同步辅离合器OFF请求,,,,,,,
R36414,,轴6 同步凸轮切换请求,,,,,,,
R36415,,轴6 同步转矩限制离合器重连请求,,,,,,,
R36500,,轴6 同步转矩限制离合器 JOG (+),,,,,,,
R36501,,轴6 同步转矩限制离合器 JOG (-),,,,,,,
R36502,,轴6 同步仿真机械同步停止,,,,,,,
R36504,,轴6 停止传感器检测去能,,,,,,,
R36505,,轴6 控制模式更改请求,,,,,,,
R36506,,轴6 增益切换,,,,,,,
R36507,,轴6 点参数转矩限制使能,,,,,,,
R36510,,轴6 伺服参数读取请求,,,,,,,
R36511,,轴6 伺服参数写入请求,,,,,,,
R36512,,轴6 1个伺服参数读取请求,,,,,,,
R36513,,轴6 1个伺服参数写入请求,,,,,,,
R36514,,轴6 从站重启请求,,,,,,,
R36515,,轴6 ML-III 指令通信请求,,,,,,,
R36600,,轴7 定位控制开始,,,,,,,
R36601,,轴7 定位脉冲输出完成清除,,,,,,,
R36602,,轴7 定位完成清除,,,,,,,
R36603,,轴7 当前坐标更改请求,,,,,,,
R36604,,轴7 定位目标坐标更改请求,,,,,,,
R36605,,轴7 定位速度更改请求,,,,,,,
R36606,,轴7 定位重新运行,,,,,,,
R36607,,轴7 定位 M 代码 OFF 指令,,,,,,,
R36608,,轴7 定位强制执行下一点请求,,,,,,,
R36609,,轴7 定位连续运转中断请求,,,,,,,
R36610,,轴7 定位指定角停止请求,,,,,,,
R36611,,轴7 定位停止传感器请求,,,,,,,
R36612,,轴7 定位原点传感器请求,,,,,,,
R36700,,轴7 轴错误清除,,,,,,,
R36702,,轴7 减速停止,,,,,,,
R36703,,轴7 定位待机解除,,,,,,,
R36704,,轴7 圆弧插补示教,,,,,,,
R36705,,轴7 伺服 ON,,,,,,,
R36706,,轴7 驱动报警复位,,,,,,,
R36707,,轴7 特殊功能开始请求,,,,,,,
R36708,,轴7 特殊功能解除请求,,,,,,,
R36709,,轴7 示教请求,,,,,,,
R36710,,轴7 原点复归请求,,,,,,,
R36711,,轴7 初始位置移动请求,,,,,,,
R36712,,轴7 高速原点移动请求,,,,,,,
R36713,,轴7 JOG (+),,,,,,,
R36714,,轴7 JOG (-),,,,,,,
R36715,,轴7 高速 JOG,,,,,,,
R36800,,轴7 同步控制开始请求,,,,,,,
R36801,,轴7 同步控制解除请求,,,,,,,
R36803,,轴7 同步主离合器控制,,,,,,,
R36804,,轴7 同步主离合器ON禁止,,,,,,,
R36805,,轴7 同步主离合器OFF禁止,,,,,,,
R36806,,轴7 同步主离合器ON请求,,,,,,,
R36807,,轴7 同步主离合器OFF请求,,,,,,,
R36808,,轴7 同步辅离合器控制,,,,,,,
R36809,,轴7 同步辅离合器ON禁止,,,,,,,
R36810,,轴7 同步辅离合器OFF禁止,,,,,,,
R36811,,轴7 同步辅离合器ON请求,,,,,,,
R36812,,轴7 同步辅离合器OFF请求,,,,,,,
R36814,,轴7 同步凸轮切换请求,,,,,,,
R36815,,轴7 同步转矩限制离合器重连请求,,,,,,,
R36900,,轴7 同步转矩限制离合器 JOG (+),,,,,,,
R36901,,轴7 同步转矩限制离合器 JOG (-),,,,,,,
R36902,,轴7 同步仿真机械同步停止,,,,,,,
R36904,,轴7 停止传感器检测去能,,,,,,,
R36905,,轴7 控制模式更改请求,,,,,,,
R36906,,轴7 增益切换,,,,,,,
R36907,,轴7 点参数转矩限制使能,,,,,,,
R36910,,轴7 伺服参数读取请求,,,,,,,
R36911,,轴7 伺服参数写入请求,,,,,,,
R36912,,轴7 1个伺服参数读取请求,,,,,,,
R36913,,轴7 1个伺服参数写入请求,,,,,,,
R36914,,轴7 从站重启请求,,,,,,,
R36915,,轴7 ML-III 指令通信请求,,,,,,,
R37000,,轴8 定位控制开始,,,,,,,
R37001,,轴8 定位脉冲输出完成清除,,,,,,,
R37002,,轴8 定位完成清除,,,,,,,
R37003,,轴8 当前坐标更改请求,,,,,,,
R37004,,轴8 定位目标坐标更改请求,,,,,,,
R37005,,轴8 定位速度更改请求,,,,,,,
R37006,,轴8 定位重新运行,,,,,,,
R37007,,轴8 定位 M 代码 OFF 指令,,,,,,,
R37008,,轴8 定位强制执行下一点请求,,,,,,,
R37009,,轴8 定位连续运转中断请求,,,,,,,
R37010,,轴8 定位指定角停止请求,,,,,,,
R37011,,轴8 定位停止传感器请求,,,,,,,
R37012,,轴8 定位原点传感器请求,,,,,,,
R37100,,轴8 轴错误清除,,,,,,,
R37102,,轴8 减速停止,,,,,,,
R37103,,轴8 定位待机解除,,,,,,,
R37104,,轴8 圆弧插补示教,,,,,,,
R37105,,轴8 伺服 ON,,,,,,,
R37106,,轴8 驱动报警复位,,,,,,,
R37107,,轴8 特殊功能开始请求,,,,,,,
R37108,,轴8 特殊功能解除请求,,,,,,,
R37109,,轴8 示教请求,,,,,,,
R37110,,轴8 原点复归请求,,,,,,,
R37111,,轴8 初始位置移动请求,,,,,,,
R37112,,轴8 高速原点移动请求,,,,,,,
R37113,,轴8 JOG (+),,,,,,,
R37114,,轴8 JOG (-),,,,,,,
R37115,,轴8 高速 JOG,,,,,,,
R37200,,轴8 同步控制开始请求,,,,,,,
R37201,,轴8 同步控制解除请求,,,,,,,
R37203,,轴8 同步主离合器控制,,,,,,,
R37204,,轴8 同步主离合器ON禁止,,,,,,,
R37205,,轴8 同步主离合器OFF禁止,,,,,,,
R37206,,轴8 同步主离合器ON请求,,,,,,,
R37207,,轴8 同步主离合器OFF请求,,,,,,,
R37208,,轴8 同步辅离合器控制,,,,,,,
R37209,,轴8 同步辅离合器ON禁止,,,,,,,
R37210,,轴8 同步辅离合器OFF禁止,,,,,,,
R37211,,轴8 同步辅离合器ON请求,,,,,,,
R37212,,轴8 同步辅离合器OFF请求,,,,,,,
R37214,,轴8 同步凸轮切换请求,,,,,,,
R37215,,轴8 同步转矩限制离合器重连请求,,,,,,,
R37300,,轴8 同步转矩限制离合器 JOG (+),,,,,,,
R37301,,轴8 同步转矩限制离合器 JOG (-),,,,,,,
R37302,,轴8 同步仿真机械同步停止,,,,,,,
R37304,,轴8 停止传感器检测去能,,,,,,,
R37305,,轴8 控制模式更改请求,,,,,,,
R37306,,轴8 增益切换,,,,,,,
R37307,,轴8 点参数转矩限制使能,,,,,,,
R37310,,轴8 伺服参数读取请求,,,,,,,
R37311,,轴8 伺服参数写入请求,,,,,,,
R37312,,轴8 1个伺服参数读取请求,,,,,,,
R37313,,轴8 1个伺服参数写入请求,,,,,,,
R37314,,轴8 从站重启请求,,,,,,,
R37315,,轴8 ML-III 指令通信请求,,,,,,,
R37400,,轴9 定位控制开始,,,,,,,
R37401,,轴9 定位脉冲输出完成清除,,,,,,,
R37402,,轴9 定位完成清除,,,,,,,
R37403,,轴9 当前坐标更改请求,,,,,,,
R37404,,轴9 定位目标坐标更改请求,,,,,,,
R37405,,轴9 定位速度更改请求,,,,,,,
R37406,,轴9 定位重新运行,,,,,,,
R37407,,轴9 定位 M 代码 OFF 指令,,,,,,,
R37408,,轴9 定位强制执行下一点请求,,,,,,,
R37409,,轴9 定位连续运转中断请求,,,,,,,
R37410,,轴9 定位指定角停止请求,,,,,,,
R37411,,轴9 定位停止传感器请求,,,,,,,
R37412,,轴9 定位原点传感器请求,,,,,,,
R37500,,轴9 轴错误清除,,,,,,,
R37502,,轴9 减速停止,,,,,,,
R37503,,轴9 定位待机解除,,,,,,,
R37504,,轴9 圆弧插补示教,,,,,,,
R37505,,轴9 伺服 ON,,,,,,,
R37506,,轴9 驱动报警复位,,,,,,,
R37507,,轴9 特殊功能开始请求,,,,,,,
R37508,,轴9 特殊功能解除请求,,,,,,,
R37509,,轴9 示教请求,,,,,,,
R37510,,轴9 原点复归请求,,,,,,,
R37511,,轴9 初始位置移动请求,,,,,,,
R37512,,轴9 高速原点移动请求,,,,,,,
R37513,,轴9 JOG (+),,,,,,,
R37514,,轴9 JOG (-),,,,,,,
R37515,,轴9 高速 JOG,,,,,,,
R37600,,轴9 同步控制开始请求,,,,,,,
R37601,,轴9 同步控制解除请求,,,,,,,
R37603,,轴9 同步主离合器控制,,,,,,,
R37604,,轴9 同步主离合器ON禁止,,,,,,,
R37605,,轴9 同步主离合器OFF禁止,,,,,,,
R37606,,轴9 同步主离合器ON请求,,,,,,,
R37607,,轴9 同步主离合器OFF请求,,,,,,,
R37608,,轴9 同步辅离合器控制,,,,,,,
R37609,,轴9 同步辅离合器ON禁止,,,,,,,
R37610,,轴9 同步辅离合器OFF禁止,,,,,,,
R37611,,轴9 同步辅离合器ON请求,,,,,,,
R37612,,轴9 同步辅离合器OFF请求,,,,,,,
R37614,,轴9 同步凸轮切换请求,,,,,,,
R37615,,轴9 同步转矩限制离合器重连请求,,,,,,,
R37700,,轴9 同步转矩限制离合器 JOG (+),,,,,,,
R37701,,轴9 同步转矩限制离合器 JOG (-),,,,,,,
R37702,,轴9 同步仿真机械同步停止,,,,,,,
R37704,,轴9 停止传感器检测去能,,,,,,,
R37705,,轴9 控制模式更改请求,,,,,,,
R37706,,轴9 增益切换,,,,,,,
R37707,,轴9 点参数转矩限制使能,,,,,,,
R37710,,轴9 伺服参数读取请求,,,,,,,
R37711,,轴9 伺服参数写入请求,,,,,,,
R37712,,轴9 1个伺服参数读取请求,,,,,,,
R37713,,轴9 1个伺服参数写入请求,,,,,,,
R37714,,轴9 从站重启请求,,,,,,,
R37715,,轴9 ML-III 指令通信请求,,,,,,,
R37800,,轴10 定位控制开始,,,,,,,
R37801,,轴10 定位脉冲输出完成清除,,,,,,,
R37802,,轴10 定位完成清除,,,,,,,
R37803,,轴10 当前坐标更改请求,,,,,,,
R37804,,轴10 定位目标坐标更改请求,,,,,,,
R37805,,轴10 定位速度更改请求,,,,,,,
R37806,,轴10 定位重新运行,,,,,,,
R37807,,轴10 定位 M 代码 OFF 指令,,,,,,,
R37808,,轴10 定位强制执行下一点请求,,,,,,,
R37809,,轴10 定位连续运转中断请求,,,,,,,
R37810,,轴10 定位指定角停止请求,,,,,,,
R37811,,轴10 定位停止传感器请求,,,,,,,
R37812,,轴10 定位原点传感器请求,,,,,,,
R37900,,轴10 轴错误清除,,,,,,,
R37902,,轴10 减速停止,,,,,,,
R37903,,轴10 定位待机解除,,,,,,,
R37904,,轴10 圆弧插补示教,,,,,,,
R37905,,轴10 伺服 ON,,,,,,,
R37906,,轴10 驱动报警复位,,,,,,,
R37907,,轴10 特殊功能开始请求,,,,,,,
R37908,,轴10 特殊功能解除请求,,,,,,,
R37909,,轴10 示教请求,,,,,,,
R37910,,轴10 原点复归请求,,,,,,,
R37911,,轴10 初始位置移动请求,,,,,,,
R37912,,轴10 高速原点移动请求,,,,,,,
R37913,,轴10 JOG (+),,,,,,,
R37914,,轴10 JOG (-),,,,,,,
R37915,,轴10 高速 JOG,,,,,,,
R38000,,轴10 同步控制开始请求,,,,,,,
R38001,,轴10 同步控制解除请求,,,,,,,
R38003,,轴10 同步主离合器控制,,,,,,,
R38004,,轴10 同步主离合器ON禁止,,,,,,,
R38005,,轴10 同步主离合器OFF禁止,,,,,,,
R38006,,轴10 同步主离合器ON请求,,,,,,,
R38007,,轴10 同步主离合器OFF请求,,,,,,,
R38008,,轴10 同步辅离合器控制,,,,,,,
R38009,,轴10 同步辅离合器ON禁止,,,,,,,
R38010,,轴10 同步辅离合器OFF禁止,,,,,,,
R38011,,轴10 同步辅离合器ON请求,,,,,,,
R38012,,轴10 同步辅离合器OFF请求,,,,,,,
R38014,,轴10 同步凸轮切换请求,,,,,,,
R38015,,轴10 同步转矩限制离合器重连请求,,,,,,,
R38100,,轴10 同步转矩限制离合器 JOG (+),,,,,,,
R38101,,轴10 同步转矩限制离合器 JOG (-),,,,,,,
R38102,,轴10 同步仿真机械同步停止,,,,,,,
R38104,,轴10 停止传感器检测去能,,,,,,,
R38105,,轴10 控制模式更改请求,,,,,,,
R38106,,轴10 增益切换,,,,,,,
R38107,,轴10 点参数转矩限制使能,,,,,,,
R38110,,轴10 伺服参数读取请求,,,,,,,
R38111,,轴10 伺服参数写入请求,,,,,,,
R38112,,轴10 1个伺服参数读取请求,,,,,,,
R38113,,轴10 1个伺服参数写入请求,,,,,,,
R38114,,轴10 从站重启请求,,,,,,,
R38115,,轴10 ML-III 指令通信请求,,,,,,,
R38200,,轴11 定位控制开始,,,,,,,
R38201,,轴11 定位脉冲输出完成清除,,,,,,,
R38202,,轴11 定位完成清除,,,,,,,
R38203,,轴11 当前坐标更改请求,,,,,,,
R38204,,轴11 定位目标坐标更改请求,,,,,,,
R38205,,轴11 定位速度更改请求,,,,,,,
R38206,,轴11 定位重新运行,,,,,,,
R38207,,轴11 定位 M 代码 OFF 指令,,,,,,,
R38208,,轴11 定位强制执行下一点请求,,,,,,,
R38209,,轴11 定位连续运转中断请求,,,,,,,
R38210,,轴11 定位指定角停止请求,,,,,,,
R38211,,轴11 定位停止传感器请求,,,,,,,
R38212,,轴11 定位原点传感器请求,,,,,,,
R38300,,轴11 轴错误清除,,,,,,,
R38302,,轴11 减速停止,,,,,,,
R38303,,轴11 定位待机解除,,,,,,,
R38304,,轴11 圆弧插补示教,,,,,,,
R38305,,轴11 伺服 ON,,,,,,,
R38306,,轴11 驱动报警复位,,,,,,,
R38307,,轴11 特殊功能开始请求,,,,,,,
R38308,,轴11 特殊功能解除请求,,,,,,,
R38309,,轴11 示教请求,,,,,,,
R38310,,轴11 原点复归请求,,,,,,,
R38311,,轴11 初始位置移动请求,,,,,,,
R38312,,轴11 高速原点移动请求,,,,,,,
R38313,,轴11 JOG (+),,,,,,,
R38314,,轴11 JOG (-),,,,,,,
R38315,,轴11 高速 JOG,,,,,,,
R38400,,轴11 同步控制开始请求,,,,,,,
R38401,,轴11 同步控制解除请求,,,,,,,
R38403,,轴11 同步主离合器控制,,,,,,,
R38404,,轴11 同步主离合器ON禁止,,,,,,,
R38405,,轴11 同步主离合器OFF禁止,,,,,,,
R38406,,轴11 同步主离合器ON请求,,,,,,,
R38407,,轴11 同步主离合器OFF请求,,,,,,,
R38408,,轴11 同步辅离合器控制,,,,,,,
R38409,,轴11 同步辅离合器ON禁止,,,,,,,
R38410,,轴11 同步辅离合器OFF禁止,,,,,,,
R38411,,轴11 同步辅离合器ON请求,,,,,,,
R38412,,轴11 同步辅离合器OFF请求,,,,,,,
R38414,,轴11 同步凸轮切换请求,,,,,,,
R38415,,轴11 同步转矩限制离合器重连请求,,,,,,,
R38500,,轴11 同步转矩限制离合器 JOG (+),,,,,,,
R38501,,轴11 同步转矩限制离合器 JOG (-),,,,,,,
R38502,,轴11 同步仿真机械同步停止,,,,,,,
R38504,,轴11 停止传感器检测去能,,,,,,,
R38505,,轴11 控制模式更改请求,,,,,,,
R38506,,轴11 增益切换,,,,,,,
R38507,,轴11 点参数转矩限制使能,,,,,,,
R38510,,轴11 伺服参数读取请求,,,,,,,
R38511,,轴11 伺服参数写入请求,,,,,,,
R38512,,轴11 1个伺服参数读取请求,,,,,,,
R38513,,轴11 1个伺服参数写入请求,,,,,,,
R38514,,轴11 从站重启请求,,,,,,,
R38515,,轴11 ML-III 指令通信请求,,,,,,,
R38600,,轴12 定位控制开始,,,,,,,
R38601,,轴12 定位脉冲输出完成清除,,,,,,,
R38602,,轴12 定位完成清除,,,,,,,
R38603,,轴12 当前坐标更改请求,,,,,,,
R38604,,轴12 定位目标坐标更改请求,,,,,,,
R38605,,轴12 定位速度更改请求,,,,,,,
R38606,,轴12 定位重新运行,,,,,,,
R38607,,轴12 定位 M 代码 OFF 指令,,,,,,,
R38608,,轴12 定位强制执行下一点请求,,,,,,,
R38609,,轴12 定位连续运转中断请求,,,,,,,
R38610,,轴12 定位指定角停止请求,,,,,,,
R38611,,轴12 定位停止传感器请求,,,,,,,
R38612,,轴12 定位原点传感器请求,,,,,,,
R38700,,轴12 轴错误清除,,,,,,,
R38702,,轴12 减速停止,,,,,,,
R38703,,轴12 定位待机解除,,,,,,,
R38704,,轴12 圆弧插补示教,,,,,,,
R38705,,轴12 伺服 ON,,,,,,,
R38706,,轴12 驱动报警复位,,,,,,,
R38707,,轴12 特殊功能开始请求,,,,,,,
R38708,,轴12 特殊功能解除请求,,,,,,,
R38709,,轴12 示教请求,,,,,,,
R38710,,轴12 原点复归请求,,,,,,,
R38711,,轴12 初始位置移动请求,,,,,,,
R38712,,轴12 高速原点移动请求,,,,,,,
R38713,,轴12 JOG (+),,,,,,,
R38714,,轴12 JOG (-),,,,,,,
R38715,,轴12 高速 JOG,,,,,,,
R38800,,轴12 同步控制开始请求,,,,,,,
R38801,,轴12 同步控制解除请求,,,,,,,
R38803,,轴12 同步主离合器控制,,,,,,,
R38804,,轴12 同步主离合器ON禁止,,,,,,,
R38805,,轴12 同步主离合器OFF禁止,,,,,,,
R38806,,轴12 同步主离合器ON请求,,,,,,,
R38807,,轴12 同步主离合器OFF请求,,,,,,,
R38808,,轴12 同步辅离合器控制,,,,,,,
R38809,,轴12 同步辅离合器ON禁止,,,,,,,
R38810,,轴12 同步辅离合器OFF禁止,,,,,,,
R38811,,轴12 同步辅离合器ON请求,,,,,,,
R38812,,轴12 同步辅离合器OFF请求,,,,,,,
R38814,,轴12 同步凸轮切换请求,,,,,,,
R38815,,轴12 同步转矩限制离合器重连请求,,,,,,,
R38900,,轴12 同步转矩限制离合器 JOG (+),,,,,,,
R38901,,轴12 同步转矩限制离合器 JOG (-),,,,,,,
R38902,,轴12 同步仿真机械同步停止,,,,,,,
R38904,,轴12 停止传感器检测去能,,,,,,,
R38905,,轴12 控制模式更改请求,,,,,,,
R38906,,轴12 增益切换,,,,,,,
R38907,,轴12 点参数转矩限制使能,,,,,,,
R38910,,轴12 伺服参数读取请求,,,,,,,
R38911,,轴12 伺服参数写入请求,,,,,,,
R38912,,轴12 1个伺服参数读取请求,,,,,,,
R38913,,轴12 1个伺服参数写入请求,,,,,,,
R38914,,轴12 从站重启请求,,,,,,,
R38915,,轴12 ML-III 指令通信请求,,,,,,,
R39000,,轴13 定位控制开始,,,,,,,
R39001,,轴13 定位脉冲输出完成清除,,,,,,,
R39002,,轴13 定位完成清除,,,,,,,
R39003,,轴13 当前坐标更改请求,,,,,,,
R39004,,轴13 定位目标坐标更改请求,,,,,,,
R39005,,轴13 定位速度更改请求,,,,,,,
R39006,,轴13 定位重新运行,,,,,,,
R39007,,轴13 定位 M 代码 OFF 指令,,,,,,,
R39008,,轴13 定位强制执行下一点请求,,,,,,,
R39009,,轴13 定位连续运转中断请求,,,,,,,
R39010,,轴13 定位指定角停止请求,,,,,,,
R39011,,轴13 定位停止传感器请求,,,,,,,
R39012,,轴13 定位原点传感器请求,,,,,,,
R39100,,轴13 轴错误清除,,,,,,,
R39102,,轴13 减速停止,,,,,,,
R39103,,轴13 定位待机解除,,,,,,,
R39104,,轴13 圆弧插补示教,,,,,,,
R39105,,轴13 伺服 ON,,,,,,,
R39106,,轴13 驱动报警复位,,,,,,,
R39107,,轴13 特殊功能开始请求,,,,,,,
R39108,,轴13 特殊功能解除请求,,,,,,,
R39109,,轴13 示教请求,,,,,,,
R39110,,轴13 原点复归请求,,,,,,,
R39111,,轴13 初始位置移动请求,,,,,,,
R39112,,轴13 高速原点移动请求,,,,,,,
R39113,,轴13 JOG (+),,,,,,,
R39114,,轴13 JOG (-),,,,,,,
R39115,,轴13 高速 JOG,,,,,,,
R39200,,轴13 同步控制开始请求,,,,,,,
R39201,,轴13 同步控制解除请求,,,,,,,
R39203,,轴13 同步主离合器控制,,,,,,,
R39204,,轴13 同步主离合器ON禁止,,,,,,,
R39205,,轴13 同步主离合器OFF禁止,,,,,,,
R39206,,轴13 同步主离合器ON请求,,,,,,,
R39207,,轴13 同步主离合器OFF请求,,,,,,,
R39208,,轴13 同步辅离合器控制,,,,,,,
R39209,,轴13 同步辅离合器ON禁止,,,,,,,
R39210,,轴13 同步辅离合器OFF禁止,,,,,,,
R39211,,轴13 同步辅离合器ON请求,,,,,,,
R39212,,轴13 同步辅离合器OFF请求,,,,,,,
R39214,,轴13 同步凸轮切换请求,,,,,,,
R39215,,轴13 同步转矩限制离合器重连请求,,,,,,,
R39300,,轴13 同步转矩限制离合器 JOG (+),,,,,,,
R39301,,轴13 同步转矩限制离合器 JOG (-),,,,,,,
R39302,,轴13 同步仿真机械同步停止,,,,,,,
R39304,,轴13 停止传感器检测去能,,,,,,,
R39305,,轴13 控制模式更改请求,,,,,,,
R39306,,轴13 增益切换,,,,,,,
R39307,,轴13 点参数转矩限制使能,,,,,,,
R39310,,轴13 伺服参数读取请求,,,,,,,
R39311,,轴13 伺服参数写入请求,,,,,,,
R39312,,轴13 1个伺服参数读取请求,,,,,,,
R39313,,轴13 1个伺服参数写入请求,,,,,,,
R39314,,轴13 从站重启请求,,,,,,,
R39315,,轴13 ML-III 指令通信请求,,,,,,,
R39400,,轴14 定位控制开始,,,,,,,
R39401,,轴14 定位脉冲输出完成清除,,,,,,,
R39402,,轴14 定位完成清除,,,,,,,
R39403,,轴14 当前坐标更改请求,,,,,,,
R39404,,轴14 定位目标坐标更改请求,,,,,,,
R39405,,轴14 定位速度更改请求,,,,,,,
R39406,,轴14 定位重新运行,,,,,,,
R39407,,轴14 定位 M 代码 OFF 指令,,,,,,,
R39408,,轴14 定位强制执行下一点请求,,,,,,,
R39409,,轴14 定位连续运转中断请求,,,,,,,
R39410,,轴14 定位指定角停止请求,,,,,,,
R39411,,轴14 定位停止传感器请求,,,,,,,
R39412,,轴14 定位原点传感器请求,,,,,,,
R39500,,轴14 轴错误清除,,,,,,,
R39502,,轴14 减速停止,,,,,,,
R39503,,轴14 定位待机解除,,,,,,,
R39504,,轴14 圆弧插补示教,,,,,,,
R39505,,轴14 伺服 ON,,,,,,,
R39506,,轴14 驱动报警复位,,,,,,,
R39507,,轴14 特殊功能开始请求,,,,,,,
R39508,,轴14 特殊功能解除请求,,,,,,,
R39509,,轴14 示教请求,,,,,,,
R39510,,轴14 原点复归请求,,,,,,,
R39511,,轴14 初始位置移动请求,,,,,,,
R39512,,轴14 高速原点移动请求,,,,,,,
R39513,,轴14 JOG (+),,,,,,,
R39514,,轴14 JOG (-),,,,,,,
R39515,,轴14 高速 JOG,,,,,,,
R39600,,轴14 同步控制开始请求,,,,,,,
R39601,,轴14 同步控制解除请求,,,,,,,
R39603,,轴14 同步主离合器控制,,,,,,,
R39604,,轴14 同步主离合器ON禁止,,,,,,,
R39605,,轴14 同步主离合器OFF禁止,,,,,,,
R39606,,轴14 同步主离合器ON请求,,,,,,,
R39607,,轴14 同步主离合器OFF请求,,,,,,,
R39608,,轴14 同步辅离合器控制,,,,,,,
R39609,,轴14 同步辅离合器ON禁止,,,,,,,
R39610,,轴14 同步辅离合器OFF禁止,,,,,,,
R39611,,轴14 同步辅离合器ON请求,,,,,,,
R39612,,轴14 同步辅离合器OFF请求,,,,,,,
R39614,,轴14 同步凸轮切换请求,,,,,,,
R39615,,轴14 同步转矩限制离合器重连请求,,,,,,,
R39700,,轴14 同步转矩限制离合器 JOG (+),,,,,,,
R39701,,轴14 同步转矩限制离合器 JOG (-),,,,,,,
R39702,,轴14 同步仿真机械同步停止,,,,,,,
R39704,,轴14 停止传感器检测去能,,,,,,,
R39705,,轴14 控制模式更改请求,,,,,,,
R39706,,轴14 增益切换,,,,,,,
R39707,,轴14 点参数转矩限制使能,,,,,,,
R39710,,轴14 伺服参数读取请求,,,,,,,
R39711,,轴14 伺服参数写入请求,,,,,,,
R39712,,轴14 1个伺服参数读取请求,,,,,,,
R39713,,轴14 1个伺服参数写入请求,,,,,,,
R39714,,轴14 从站重启请求,,,,,,,
R39715,,轴14 ML-III 指令通信请求,,,,,,,
R39800,,轴15 定位控制开始,,,,,,,
R39801,,轴15 定位脉冲输出完成清除,,,,,,,
R39802,,轴15 定位完成清除,,,,,,,
R39803,,轴15 当前坐标更改请求,,,,,,,
R39804,,轴15 定位目标坐标更改请求,,,,,,,
R39805,,轴15 定位速度更改请求,,,,,,,
R39806,,轴15 定位重新运行,,,,,,,
R39807,,轴15 定位 M 代码 OFF 指令,,,,,,,
R39808,,轴15 定位强制执行下一点请求,,,,,,,
R39809,,轴15 定位连续运转中断请求,,,,,,,
R39810,,轴15 定位指定角停止请求,,,,,,,
R39811,,轴15 定位停止传感器请求,,,,,,,
R39812,,轴15 定位原点传感器请求,,,,,,,
R39900,,轴15 轴错误清除,,,,,,,
R39902,,轴15 减速停止,,,,,,,
R39903,,轴15 定位待机解除,,,,,,,
R39904,,轴15 圆弧插补示教,,,,,,,
R39905,,轴15 伺服 ON,,,,,,,
R39906,,轴15 驱动报警复位,,,,,,,
R39907,,轴15 特殊功能开始请求,,,,,,,
R39908,,轴15 特殊功能解除请求,,,,,,,
R39909,,轴15 示教请求,,,,,,,
R39910,,轴15 原点复归请求,,,,,,,
R39911,,轴15 初始位置移动请求,,,,,,,
R39912,,轴15 高速原点移动请求,,,,,,,
R39913,,轴15 JOG (+),,,,,,,
R39914,,轴15 JOG (-),,,,,,,
R39915,,轴15 高速 JOG,,,,,,,
R40000,,轴15 同步控制开始请求,,,,,,,
R40001,,轴15 同步控制解除请求,,,,,,,
R40003,,轴15 同步主离合器控制,,,,,,,
R40004,,轴15 同步主离合器ON禁止,,,,,,,
R40005,,轴15 同步主离合器OFF禁止,,,,,,,
R40006,,轴15 同步主离合器ON请求,,,,,,,
R40007,,轴15 同步主离合器OFF请求,,,,,,,
R40008,,轴15 同步辅离合器控制,,,,,,,
R40009,,轴15 同步辅离合器ON禁止,,,,,,,
R40010,,轴15 同步辅离合器OFF禁止,,,,,,,
R40011,,轴15 同步辅离合器ON请求,,,,,,,
R40012,,轴15 同步辅离合器OFF请求,,,,,,,
R40014,,轴15 同步凸轮切换请求,,,,,,,
R40015,,轴15 同步转矩限制离合器重连请求,,,,,,,
R40100,,轴15 同步转矩限制离合器 JOG (+),,,,,,,
R40101,,轴15 同步转矩限制离合器 JOG (-),,,,,,,
R40102,,轴15 同步仿真机械同步停止,,,,,,,
R40104,,轴15 停止传感器检测去能,,,,,,,
R40105,,轴15 控制模式更改请求,,,,,,,
R40106,,轴15 增益切换,,,,,,,
R40107,,轴15 点参数转矩限制使能,,,,,,,
R40110,,轴15 伺服参数读取请求,,,,,,,
R40111,,轴15 伺服参数写入请求,,,,,,,
R40112,,轴15 1个伺服参数读取请求,,,,,,,
R40113,,轴15 1个伺服参数写入请求,,,,,,,
R40114,,轴15 从站重启请求,,,,,,,
R40115,,轴15 ML-III 指令通信请求,,,,,,,
R40200,,轴16 定位控制开始,,,,,,,
R40201,,轴16 定位脉冲输出完成清除,,,,,,,
R40202,,轴16 定位完成清除,,,,,,,
R40203,,轴16 当前坐标更改请求,,,,,,,
R40204,,轴16 定位目标坐标更改请求,,,,,,,
R40205,,轴16 定位速度更改请求,,,,,,,
R40206,,轴16 定位重新运行,,,,,,,
R40207,,轴16 定位 M 代码 OFF 指令,,,,,,,
R40208,,轴16 定位强制执行下一点请求,,,,,,,
R40209,,轴16 定位连续运转中断请求,,,,,,,
R40210,,轴16 定位指定角停止请求,,,,,,,
R40211,,轴16 定位停止传感器请求,,,,,,,
R40212,,轴16 定位原点传感器请求,,,,,,,
R40300,,轴16 轴错误清除,,,,,,,
R40302,,轴16 减速停止,,,,,,,
R40303,,轴16 定位待机解除,,,,,,,
R40304,,轴16 圆弧插补示教,,,,,,,
R40305,,轴16 伺服 ON,,,,,,,
R40306,,轴16 驱动报警复位,,,,,,,
R40307,,轴16 特殊功能开始请求,,,,,,,
R40308,,轴16 特殊功能解除请求,,,,,,,
R40309,,轴16 示教请求,,,,,,,
R40310,,轴16 原点复归请求,,,,,,,
R40311,,轴16 初始位置移动请求,,,,,,,
R40312,,轴16 高速原点移动请求,,,,,,,
R40313,,轴16 JOG (+),,,,,,,
R40314,,轴16 JOG (-),,,,,,,
R40315,,轴16 高速 JOG,,,,,,,
R40400,,轴16 同步控制开始请求,,,,,,,
R40401,,轴16 同步控制解除请求,,,,,,,
R40403,,轴16 同步主离合器控制,,,,,,,
R40404,,轴16 同步主离合器ON禁止,,,,,,,
R40405,,轴16 同步主离合器OFF禁止,,,,,,,
R40406,,轴16 同步主离合器ON请求,,,,,,,
R40407,,轴16 同步主离合器OFF请求,,,,,,,
R40408,,轴16 同步辅离合器控制,,,,,,,
R40409,,轴16 同步辅离合器ON禁止,,,,,,,
R40410,,轴16 同步辅离合器OFF禁止,,,,,,,
R40411,,轴16 同步辅离合器ON请求,,,,,,,
R40412,,轴16 同步辅离合器OFF请求,,,,,,,
R40414,,轴16 同步凸轮切换请求,,,,,,,
R40415,,轴16 同步转矩限制离合器重连请求,,,,,,,
R40500,,轴16 同步转矩限制离合器 JOG (+),,,,,,,
R40501,,轴16 同步转矩限制离合器 JOG (-),,,,,,,
R40502,,轴16 同步仿真机械同步停止,,,,,,,
R40504,,轴16 停止传感器检测去能,,,,,,,
R40505,,轴16 控制模式更改请求,,,,,,,
R40506,,轴16 增益切换,,,,,,,
R40507,,轴16 点参数转矩限制使能,,,,,,,
R40510,,轴16 伺服参数读取请求,,,,,,,
R40511,,轴16 伺服参数写入请求,,,,,,,
R40512,,轴16 1个伺服参数读取请求,,,,,,,
R40513,,轴16 1个伺服参数写入请求,,,,,,,
R40514,,轴16 从站重启请求,,,,,,,
R40515,,轴16 ML-III 指令通信请求,,,,,,,
R40600,,动作就绪,,,,,,,
R40601,,动作使能错误,,,,,,,
R40603,,单元错误中,,,,,,,
R40604,,轴错误中,,,,,,,
R40605,,轴警告中,,,,,,,
R40606,,试运转中,,,,,,,
R40607,,闪存写入完成,,,,,,,
R40608,,同步接点输出参数更改完成,,,,,,,
R40611,,凸轮自动生成读取完成,,,,,,,
R40612,,凸轮自动生成写入完成,,,,,,,
R40613,,单元程序错误中,,,,,,,
R40614,,单元程序警告中,,,,,,,
R40800,,轴1 定位控制开始完成,,,,,,,
R40801,,轴1 定位脉冲输出完成,,,,,,,
R40802,,轴1 定位完成,,,,,,,
R40803,,轴1 当前坐标更改完成,,,,,,,
R40804,,轴1 定位目标坐标更改完成,,,,,,,
R40805,,轴1 定位速度更改完成,,,,,,,
R40806,,轴1 定位运转重启完成,,,,,,,
R40807,,轴1 定位 M 代码输出中,,,,,,,
R40808,,轴1 定位强制执行下一点完成,,,,,,,
R40809,,轴1 定位连续运转中断完成,,,,,,,
R40810,,轴1 定位指定角停止完成,,,,,,,
R40900,,轴1 轴错误中,,,,,,,
R40901,,轴1 轴警告中,,,,,,,
R40902,,轴1 减速停止开始完成,,,,,,,
R40903,,轴1 轴控制中,,,,,,,
R40904,,轴1 伺服结束,,,,,,,
R40905,,轴1 伺服就绪,,,,,,,
R40906,,轴1 驱动报警,,,,,,,
R40907,,轴1 特殊功能开始完成,,,,,,,
R40908,,轴1 特殊功能解除完成,,,,,,,
R40909,,轴1 示教完成,,,,,,,
R40910,,轴1 原点复归完成,,,,,,,
R40911,,轴1 初始位置移动完成,,,,,,,
R40912,,轴1 高速原点移动完成,,,,,,,
R40913,,轴1 JOG 中,,,,,,,
R41000,,轴1 同步控制开始完成,,,,,,,
R41001,,轴1 同步控制解除完成,,,,,,,
R41002,,轴1 同步控制动作中,,,,,,,
R41003,,轴1 同步主离合器连接状态,,,,,,,
R41004,,轴1 同步主轴相位补偿量更改中,,,,,,,
R41005,,轴1 同步主离合器直接连接,,,,,,,
R41008,,轴1 同步辅离合器连接状态,,,,,,,
R41009,,轴1 同步辅助轴相位补偿量更改中,,,,,,,
R41010,,轴1 同步辅助离合器直接连接,,,,,,,
R41013,,轴1 同步可变齿轮更改中,,,,,,,
R41014,,轴1 同步凸轮切换完成,,,,,,,
R41015,,轴1 同步转矩限制离合器重连完成,,,,,,,
R41101,,轴1 同步转矩限制离合器切断中,,,,,,,
R41103,,轴1 零速度检测,,,,,,,
R41104,,轴1 SV 功能执行中,,,,,,,
R41105,,轴1 控制模式更改完成,,,,,,,
R41106,,轴1 驱动警告,,,,,,,
R41107,,轴1 速度指令一致,,,,,,,
R41108,,轴1 速度限制中,,,,,,,
R41109,,轴1 转矩限制中,,,,,,,
R41110,,轴1 伺服参数读取完成,,,,,,,
R41111,,轴1 伺服参数写入完成,,,,,,,
R41112,,轴1 伺服参数1点读取完成,,,,,,,
R41113,,轴1 伺服参数1点写入完成,,,,,,,
R41114,,轴1 从站重启完成,,,,,,,
R41115,,轴1 ML-III 指令通信完成,,,,,,,
R41200,,轴2 定位控制开始完成,,,,,,,
R41201,,轴2 定位脉冲输出完成,,,,,,,
R41202,,轴2 定位完成,,,,,,,
R41203,,轴2 当前坐标更改完成,,,,,,,
R41204,,轴2 定位目标坐标更改完成,,,,,,,
R41205,,轴2 定位速度更改完成,,,,,,,
R41206,,轴2 定位运转重启完成,,,,,,,
R41207,,轴2 定位 M 代码输出中,,,,,,,
R41208,,轴2 定位强制执行下一点完成,,,,,,,
R41209,,轴2 定位连续运转中断完成,,,,,,,
R41210,,轴2 定位指定角停止完成,,,,,,,
R41300,,轴2 轴错误中,,,,,,,
R41301,,轴2 轴警告中,,,,,,,
R41302,,轴2 减速停止开始完成,,,,,,,
R41303,,轴2 轴控制中,,,,,,,
R41304,,轴2 伺服结束,,,,,,,
R41305,,轴2 伺服就绪,,,,,,,
R41306,,轴2 驱动报警,,,,,,,
R41307,,轴2 特殊功能开始完成,,,,,,,
R41308,,轴2 特殊功能解除完成,,,,,,,
R41309,,轴2 示教完成,,,,,,,
R41310,,轴2 原点复归完成,,,,,,,
R41311,,轴2 初始位置移动完成,,,,,,,
R41312,,轴2 高速原点移动完成,,,,,,,
R41313,,轴2 JOG 中,,,,,,,
R41400,,轴2 同步控制开始完成,,,,,,,
R41401,,轴2 同步控制解除完成,,,,,,,
R41402,,轴2 同步控制动作中,,,,,,,
R41403,,轴2 同步主离合器连接状态,,,,,,,
R41404,,轴2 同步主轴相位补偿量更改中,,,,,,,
R41405,,轴2 同步主离合器直接连接,,,,,,,
R41408,,轴2 同步辅离合器连接状态,,,,,,,
R41409,,轴2 同步辅助轴相位补偿量更改中,,,,,,,
R41410,,轴2 同步辅助离合器直接连接,,,,,,,
R41413,,轴2 同步可变齿轮更改中,,,,,,,
R41414,,轴2 同步凸轮切换完成,,,,,,,
R41415,,轴2 同步转矩限制离合器重连完成,,,,,,,
R41501,,轴2 同步转矩限制离合器切断中,,,,,,,
R41503,,轴2 零速度检测,,,,,,,
R41504,,轴2 SV 功能执行中,,,,,,,
R41505,,轴2 控制模式更改完成,,,,,,,
R41506,,轴2 驱动警告,,,,,,,
R41507,,轴2 速度指令一致,,,,,,,
R41508,,轴2 速度限制中,,,,,,,
R41509,,轴2 转矩限制中,,,,,,,
R41510,,轴2 伺服参数读取完成,,,,,,,
R41511,,轴2 伺服参数写入完成,,,,,,,
R41512,,轴2 伺服参数1点读取完成,,,,,,,
R41513,,轴2 伺服参数1点写入完成,,,,,,,
R41514,,轴2 从站重启完成,,,,,,,
R41515,,轴2 ML-III 指令通信完成,,,,,,,
R41600,,轴3 定位控制开始完成,,,,,,,
R41601,,轴3 定位脉冲输出完成,,,,,,,
R41602,,轴3 定位完成,,,,,,,
R41603,,轴3 当前坐标更改完成,,,,,,,
R41604,,轴3 定位目标坐标更改完成,,,,,,,
R41605,,轴3 定位速度更改完成,,,,,,,
R41606,,轴3 定位运转重启完成,,,,,,,
R41607,,轴3 定位 M 代码输出中,,,,,,,
R41608,,轴3 定位强制执行下一点完成,,,,,,,
R41609,,轴3 定位连续运转中断完成,,,,,,,
R41610,,轴3 定位指定角停止完成,,,,,,,
R41700,,轴3 轴错误中,,,,,,,
R41701,,轴3 轴警告中,,,,,,,
R41702,,轴3 减速停止开始完成,,,,,,,
R41703,,轴3 轴控制中,,,,,,,
R41704,,轴3 伺服结束,,,,,,,
R41705,,轴3 伺服就绪,,,,,,,
R41706,,轴3 驱动报警,,,,,,,
R41707,,轴3 特殊功能开始完成,,,,,,,
R41708,,轴3 特殊功能解除完成,,,,,,,
R41709,,轴3 示教完成,,,,,,,
R41710,,轴3 原点复归完成,,,,,,,
R41711,,轴3 初始位置移动完成,,,,,,,
R41712,,轴3 高速原点移动完成,,,,,,,
R41713,,轴3 JOG 中,,,,,,,
R41800,,轴3 同步控制开始完成,,,,,,,
R41801,,轴3 同步控制解除完成,,,,,,,
R41802,,轴3 同步控制动作中,,,,,,,
R41803,,轴3 同步主离合器连接状态,,,,,,,
R41804,,轴3 同步主轴相位补偿量更改中,,,,,,,
R41805,,轴3 同步主离合器直接连接,,,,,,,
R41808,,轴3 同步辅离合器连接状态,,,,,,,
R41809,,轴3 同步辅助轴相位补偿量更改中,,,,,,,
R41810,,轴3 同步辅助离合器直接连接,,,,,,,
R41813,,轴3 同步可变齿轮更改中,,,,,,,
R41814,,轴3 同步凸轮切换完成,,,,,,,
R41815,,轴3 同步转矩限制离合器重连完成,,,,,,,
R41901,,轴3 同步转矩限制离合器切断中,,,,,,,
R41903,,轴3 零速度检测,,,,,,,
R41904,,轴3 SV 功能执行中,,,,,,,
R41905,,轴3 控制模式更改完成,,,,,,,
R41906,,轴3 驱动警告,,,,,,,
R41907,,轴3 速度指令一致,,,,,,,
R41908,,轴3 速度限制中,,,,,,,
R41909,,轴3 转矩限制中,,,,,,,
R41910,,轴3 伺服参数读取完成,,,,,,,
R41911,,轴3 伺服参数写入完成,,,,,,,
R41912,,轴3 伺服参数1点读取完成,,,,,,,
R41913,,轴3 伺服参数1点写入完成,,,,,,,
R41914,,轴3 从站重启完成,,,,,,,
R41915,,轴3 ML-III 指令通信完成,,,,,,,
R42000,,轴4 定位控制开始完成,,,,,,,
R42001,,轴4 定位脉冲输出完成,,,,,,,
R42002,,轴4 定位完成,,,,,,,
R42003,,轴4 当前坐标更改完成,,,,,,,
R42004,,轴4 定位目标坐标更改完成,,,,,,,
R42005,,轴4 定位速度更改完成,,,,,,,
R42006,,轴4 定位运转重启完成,,,,,,,
R42007,,轴4 定位 M 代码输出中,,,,,,,
R42008,,轴4 定位强制执行下一点完成,,,,,,,
R42009,,轴4 定位连续运转中断完成,,,,,,,
R42010,,轴4 定位指定角停止完成,,,,,,,
R42100,,轴4 轴错误中,,,,,,,
R42101,,轴4 轴警告中,,,,,,,
R42102,,轴4 减速停止开始完成,,,,,,,
R42103,,轴4 轴控制中,,,,,,,
R42104,,轴4 伺服结束,,,,,,,
R42105,,轴4 伺服就绪,,,,,,,
R42106,,轴4 驱动报警,,,,,,,
R42107,,轴4 特殊功能开始完成,,,,,,,
R42108,,轴4 特殊功能解除完成,,,,,,,
R42109,,轴4 示教完成,,,,,,,
R42110,,轴4 原点复归完成,,,,,,,
R42111,,轴4 初始位置移动完成,,,,,,,
R42112,,轴4 高速原点移动完成,,,,,,,
R42113,,轴4 JOG 中,,,,,,,
R42200,,轴4 同步控制开始完成,,,,,,,
R42201,,轴4 同步控制解除完成,,,,,,,
R42202,,轴4 同步控制动作中,,,,,,,
R42203,,轴4 同步主离合器连接状态,,,,,,,
R42204,,轴4 同步主轴相位补偿量更改中,,,,,,,
R42205,,轴4 同步主离合器直接连接,,,,,,,
R42208,,轴4 同步辅离合器连接状态,,,,,,,
R42209,,轴4 同步辅助轴相位补偿量更改中,,,,,,,
R42210,,轴4 同步辅助离合器直接连接,,,,,,,
R42213,,轴4 同步可变齿轮更改中,,,,,,,
R42214,,轴4 同步凸轮切换完成,,,,,,,
R42215,,轴4 同步转矩限制离合器重连完成,,,,,,,
R42301,,轴4 同步转矩限制离合器切断中,,,,,,,
R42303,,轴4 零速度检测,,,,,,,
R42304,,轴4 SV 功能执行中,,,,,,,
R42305,,轴4 控制模式更改完成,,,,,,,
R42306,,轴4 驱动警告,,,,,,,
R42307,,轴4 速度指令一致,,,,,,,
R42308,,轴4 速度限制中,,,,,,,
R42309,,轴4 转矩限制中,,,,,,,
R42310,,轴4 伺服参数读取完成,,,,,,,
R42311,,轴4 伺服参数写入完成,,,,,,,
R42312,,轴4 伺服参数1点读取完成,,,,,,,
R42313,,轴4 伺服参数1点写入完成,,,,,,,
R42314,,轴4 从站重启完成,,,,,,,
R42315,,轴4 ML-III 指令通信完成,,,,,,,
R42400,,轴5 定位控制开始完成,,,,,,,
R42401,,轴5 定位脉冲输出完成,,,,,,,
R42402,,轴5 定位完成,,,,,,,
R42403,,轴5 当前坐标更改完成,,,,,,,
R42404,,轴5 定位目标坐标更改完成,,,,,,,
R42405,,轴5 定位速度更改完成,,,,,,,
R42406,,轴5 定位运转重启完成,,,,,,,
R42407,,轴5 定位 M 代码输出中,,,,,,,
R42408,,轴5 定位强制执行下一点完成,,,,,,,
R42409,,轴5 定位连续运转中断完成,,,,,,,
R42410,,轴5 定位指定角停止完成,,,,,,,
R42500,,轴5 轴错误中,,,,,,,
R42501,,轴5 轴警告中,,,,,,,
R42502,,轴5 减速停止开始完成,,,,,,,
R42503,,轴5 轴控制中,,,,,,,
R42504,,轴5 伺服结束,,,,,,,
R42505,,轴5 伺服就绪,,,,,,,
R42506,,轴5 驱动报警,,,,,,,
R42507,,轴5 特殊功能开始完成,,,,,,,
R42508,,轴5 特殊功能解除完成,,,,,,,
R42509,,轴5 示教完成,,,,,,,
R42510,,轴5 原点复归完成,,,,,,,
R42511,,轴5 初始位置移动完成,,,,,,,
R42512,,轴5 高速原点移动完成,,,,,,,
R42513,,轴5 JOG 中,,,,,,,
R42600,,轴5 同步控制开始完成,,,,,,,
R42601,,轴5 同步控制解除完成,,,,,,,
R42602,,轴5 同步控制动作中,,,,,,,
R42603,,轴5 同步主离合器连接状态,,,,,,,
R42604,,轴5 同步主轴相位补偿量更改中,,,,,,,
R42605,,轴5 同步主离合器直接连接,,,,,,,
R42608,,轴5 同步辅离合器连接状态,,,,,,,
R42609,,轴5 同步辅助轴相位补偿量更改中,,,,,,,
R42610,,轴5 同步辅助离合器直接连接,,,,,,,
R42613,,轴5 同步可变齿轮更改中,,,,,,,
R42614,,轴5 同步凸轮切换完成,,,,,,,
R42615,,轴5 同步转矩限制离合器重连完成,,,,,,,
R42701,,轴5 同步转矩限制离合器切断中,,,,,,,
R42703,,轴5 零速度检测,,,,,,,
R42704,,轴5 SV 功能执行中,,,,,,,
R42705,,轴5 控制模式更改完成,,,,,,,
R42706,,轴5 驱动警告,,,,,,,
R42707,,轴5 速度指令一致,,,,,,,
R42708,,轴5 速度限制中,,,,,,,
R42709,,轴5 转矩限制中,,,,,,,
R42710,,轴5 伺服参数读取完成,,,,,,,
R42711,,轴5 伺服参数写入完成,,,,,,,
R42712,,轴5 伺服参数1点读取完成,,,,,,,
R42713,,轴5 伺服参数1点写入完成,,,,,,,
R42714,,轴5 从站重启完成,,,,,,,
R42715,,轴5 ML-III 指令通信完成,,,,,,,
R42800,,轴6 定位控制开始完成,,,,,,,
R42801,,轴6 定位脉冲输出完成,,,,,,,
R42802,,轴6 定位完成,,,,,,,
R42803,,轴6 当前坐标更改完成,,,,,,,
R42804,,轴6 定位目标坐标更改完成,,,,,,,
R42805,,轴6 定位速度更改完成,,,,,,,
R42806,,轴6 定位运转重启完成,,,,,,,
R42807,,轴6 定位 M 代码输出中,,,,,,,
R42808,,轴6 定位强制执行下一点完成,,,,,,,
R42809,,轴6 定位连续运转中断完成,,,,,,,
R42810,,轴6 定位指定角停止完成,,,,,,,
R42900,,轴6 轴错误中,,,,,,,
R42901,,轴6 轴警告中,,,,,,,
R42902,,轴6 减速停止开始完成,,,,,,,
R42903,,轴6 轴控制中,,,,,,,
R42904,,轴6 伺服结束,,,,,,,
R42905,,轴6 伺服就绪,,,,,,,
R42906,,轴6 驱动报警,,,,,,,
R42907,,轴6 特殊功能开始完成,,,,,,,
R42908,,轴6 特殊功能解除完成,,,,,,,
R42909,,轴6 示教完成,,,,,,,
R42910,,轴6 原点复归完成,,,,,,,
R42911,,轴6 初始位置移动完成,,,,,,,
R42912,,轴6 高速原点移动完成,,,,,,,
R42913,,轴6 JOG 中,,,,,,,
R43000,,轴6 同步控制开始完成,,,,,,,
R43001,,轴6 同步控制解除完成,,,,,,,
R43002,,轴6 同步控制动作中,,,,,,,
R43003,,轴6 同步主离合器连接状态,,,,,,,
R43004,,轴6 同步主轴相位补偿量更改中,,,,,,,
R43005,,轴6 同步主离合器直接连接,,,,,,,
R43008,,轴6 同步辅离合器连接状态,,,,,,,
R43009,,轴6 同步辅助轴相位补偿量更改中,,,,,,,
R43010,,轴6 同步辅助离合器直接连接,,,,,,,
R43013,,轴6 同步可变齿轮更改中,,,,,,,
R43014,,轴6 同步凸轮切换完成,,,,,,,
R43015,,轴6 同步转矩限制离合器重连完成,,,,,,,
R43101,,轴6 同步转矩限制离合器切断中,,,,,,,
R43103,,轴6 零速度检测,,,,,,,
R43104,,轴6 SV 功能执行中,,,,,,,
R43105,,轴6 控制模式更改完成,,,,,,,
R43106,,轴6 驱动警告,,,,,,,
R43107,,轴6 速度指令一致,,,,,,,
R43108,,轴6 速度限制中,,,,,,,
R43109,,轴6 转矩限制中,,,,,,,
R43110,,轴6 伺服参数读取完成,,,,,,,
R43111,,轴6 伺服参数写入完成,,,,,,,
R43112,,轴6 伺服参数1点读取完成,,,,,,,
R43113,,轴6 伺服参数1点写入完成,,,,,,,
R43114,,轴6 从站重启完成,,,,,,,
R43115,,轴6 ML-III 指令通信完成,,,,,,,
R43200,,轴7 定位控制开始完成,,,,,,,
R43201,,轴7 定位脉冲输出完成,,,,,,,
R43202,,轴7 定位完成,,,,,,,
R43203,,轴7 当前坐标更改完成,,,,,,,
R43204,,轴7 定位目标坐标更改完成,,,,,,,
R43205,,轴7 定位速度更改完成,,,,,,,
R43206,,轴7 定位运转重启完成,,,,,,,
R43207,,轴7 定位 M 代码输出中,,,,,,,
R43208,,轴7 定位强制执行下一点完成,,,,,,,
R43209,,轴7 定位连续运转中断完成,,,,,,,
R43210,,轴7 定位指定角停止完成,,,,,,,
R43300,,轴7 轴错误中,,,,,,,
R43301,,轴7 轴警告中,,,,,,,
R43302,,轴7 减速停止开始完成,,,,,,,
R43303,,轴7 轴控制中,,,,,,,
R43304,,轴7 伺服结束,,,,,,,
R43305,,轴7 伺服就绪,,,,,,,
R43306,,轴7 驱动报警,,,,,,,
R43307,,轴7 特殊功能开始完成,,,,,,,
R43308,,轴7 特殊功能解除完成,,,,,,,
R43309,,轴7 示教完成,,,,,,,
R43310,,轴7 原点复归完成,,,,,,,
R43311,,轴7 初始位置移动完成,,,,,,,
R43312,,轴7 高速原点移动完成,,,,,,,
R43313,,轴7 JOG 中,,,,,,,
R43400,,轴7 同步控制开始完成,,,,,,,
R43401,,轴7 同步控制解除完成,,,,,,,
R43402,,轴7 同步控制动作中,,,,,,,
R43403,,轴7 同步主离合器连接状态,,,,,,,
R43404,,轴7 同步主轴相位补偿量更改中,,,,,,,
R43405,,轴7 同步主离合器直接连接,,,,,,,
R43408,,轴7 同步辅离合器连接状态,,,,,,,
R43409,,轴7 同步辅助轴相位补偿量更改中,,,,,,,
R43410,,轴7 同步辅助离合器直接连接,,,,,,,
R43413,,轴7 同步可变齿轮更改中,,,,,,,
R43414,,轴7 同步凸轮切换完成,,,,,,,
R43415,,轴7 同步转矩限制离合器重连完成,,,,,,,
R43501,,轴7 同步转矩限制离合器切断中,,,,,,,
R43503,,轴7 零速度检测,,,,,,,
R43504,,轴7 SV 功能执行中,,,,,,,
R43505,,轴7 控制模式更改完成,,,,,,,
R43506,,轴7 驱动警告,,,,,,,
R43507,,轴7 速度指令一致,,,,,,,
R43508,,轴7 速度限制中,,,,,,,
R43509,,轴7 转矩限制中,,,,,,,
R43510,,轴7 伺服参数读取完成,,,,,,,
R43511,,轴7 伺服参数写入完成,,,,,,,
R43512,,轴7 伺服参数1点读取完成,,,,,,,
R43513,,轴7 伺服参数1点写入完成,,,,,,,
R43514,,轴7 从站重启完成,,,,,,,
R43515,,轴7 ML-III 指令通信完成,,,,,,,
R43600,,轴8 定位控制开始完成,,,,,,,
R43601,,轴8 定位脉冲输出完成,,,,,,,
R43602,,轴8 定位完成,,,,,,,
R43603,,轴8 当前坐标更改完成,,,,,,,
R43604,,轴8 定位目标坐标更改完成,,,,,,,
R43605,,轴8 定位速度更改完成,,,,,,,
R43606,,轴8 定位运转重启完成,,,,,,,
R43607,,轴8 定位 M 代码输出中,,,,,,,
R43608,,轴8 定位强制执行下一点完成,,,,,,,
R43609,,轴8 定位连续运转中断完成,,,,,,,
R43610,,轴8 定位指定角停止完成,,,,,,,
R43700,,轴8 轴错误中,,,,,,,
R43701,,轴8 轴警告中,,,,,,,
R43702,,轴8 减速停止开始完成,,,,,,,
R43703,,轴8 轴控制中,,,,,,,
R43704,,轴8 伺服结束,,,,,,,
R43705,,轴8 伺服就绪,,,,,,,
R43706,,轴8 驱动报警,,,,,,,
R43707,,轴8 特殊功能开始完成,,,,,,,
R43708,,轴8 特殊功能解除完成,,,,,,,
R43709,,轴8 示教完成,,,,,,,
R43710,,轴8 原点复归完成,,,,,,,
R43711,,轴8 初始位置移动完成,,,,,,,
R43712,,轴8 高速原点移动完成,,,,,,,
R43713,,轴8 JOG 中,,,,,,,
R43800,,轴8 同步控制开始完成,,,,,,,
R43801,,轴8 同步控制解除完成,,,,,,,
R43802,,轴8 同步控制动作中,,,,,,,
R43803,,轴8 同步主离合器连接状态,,,,,,,
R43804,,轴8 同步主轴相位补偿量更改中,,,,,,,
R43805,,轴8 同步主离合器直接连接,,,,,,,
R43808,,轴8 同步辅离合器连接状态,,,,,,,
R43809,,轴8 同步辅助轴相位补偿量更改中,,,,,,,
R43810,,轴8 同步辅助离合器直接连接,,,,,,,
R43813,,轴8 同步可变齿轮更改中,,,,,,,
R43814,,轴8 同步凸轮切换完成,,,,,,,
R43815,,轴8 同步转矩限制离合器重连完成,,,,,,,
R43901,,轴8 同步转矩限制离合器切断中,,,,,,,
R43903,,轴8 零速度检测,,,,,,,
R43904,,轴8 SV 功能执行中,,,,,,,
R43905,,轴8 控制模式更改完成,,,,,,,
R43906,,轴8 驱动警告,,,,,,,
R43907,,轴8 速度指令一致,,,,,,,
R43908,,轴8 速度限制中,,,,,,,
R43909,,轴8 转矩限制中,,,,,,,
R43910,,轴8 伺服参数读取完成,,,,,,,
R43911,,轴8 伺服参数写入完成,,,,,,,
R43912,,轴8 伺服参数1点读取完成,,,,,,,
R43913,,轴8 伺服参数1点写入完成,,,,,,,
R43914,,轴8 从站重启完成,,,,,,,
R43915,,轴8 ML-III 指令通信完成,,,,,,,
R44000,,轴9 定位控制开始完成,,,,,,,
R44001,,轴9 定位脉冲输出完成,,,,,,,
R44002,,轴9 定位完成,,,,,,,
R44003,,轴9 当前坐标更改完成,,,,,,,
R44004,,轴9 定位目标坐标更改完成,,,,,,,
R44005,,轴9 定位速度更改完成,,,,,,,
R44006,,轴9 定位运转重启完成,,,,,,,
R44007,,轴9 定位 M 代码输出中,,,,,,,
R44008,,轴9 定位强制执行下一点完成,,,,,,,
R44009,,轴9 定位连续运转中断完成,,,,,,,
R44010,,轴9 定位指定角停止完成,,,,,,,
R44100,,轴9 轴错误中,,,,,,,
R44101,,轴9 轴警告中,,,,,,,
R44102,,轴9 减速停止开始完成,,,,,,,
R44103,,轴9 轴控制中,,,,,,,
R44104,,轴9 伺服结束,,,,,,,
R44105,,轴9 伺服就绪,,,,,,,
R44106,,轴9 驱动报警,,,,,,,
R44107,,轴9 特殊功能开始完成,,,,,,,
R44108,,轴9 特殊功能解除完成,,,,,,,
R44109,,轴9 示教完成,,,,,,,
R44110,,轴9 原点复归完成,,,,,,,
R44111,,轴9 初始位置移动完成,,,,,,,
R44112,,轴9 高速原点移动完成,,,,,,,
R44113,,轴9 JOG 中,,,,,,,
R44200,,轴9 同步控制开始完成,,,,,,,
R44201,,轴9 同步控制解除完成,,,,,,,
R44202,,轴9 同步控制动作中,,,,,,,
R44203,,轴9 同步主离合器连接状态,,,,,,,
R44204,,轴9 同步主轴相位补偿量更改中,,,,,,,
R44205,,轴9 同步主离合器直接连接,,,,,,,
R44208,,轴9 同步辅离合器连接状态,,,,,,,
R44209,,轴9 同步辅助轴相位补偿量更改中,,,,,,,
R44210,,轴9 同步辅助离合器直接连接,,,,,,,
R44213,,轴9 同步可变齿轮更改中,,,,,,,
R44214,,轴9 同步凸轮切换完成,,,,,,,
R44215,,轴9 同步转矩限制离合器重连完成,,,,,,,
R44301,,轴9 同步转矩限制离合器切断中,,,,,,,
R44303,,轴9 零速度检测,,,,,,,
R44304,,轴9 SV 功能执行中,,,,,,,
R44305,,轴9 控制模式更改完成,,,,,,,
R44306,,轴9 驱动警告,,,,,,,
R44307,,轴9 速度指令一致,,,,,,,
R44308,,轴9 速度限制中,,,,,,,
R44309,,轴9 转矩限制中,,,,,,,
R44310,,轴9 伺服参数读取完成,,,,,,,
R44311,,轴9 伺服参数写入完成,,,,,,,
R44312,,轴9 伺服参数1点读取完成,,,,,,,
R44313,,轴9 伺服参数1点写入完成,,,,,,,
R44314,,轴9 从站重启完成,,,,,,,
R44315,,轴9 ML-III 指令通信完成,,,,,,,
R44400,,轴10 定位控制开始完成,,,,,,,
R44401,,轴10 定位脉冲输出完成,,,,,,,
R44402,,轴10 定位完成,,,,,,,
R44403,,轴10 当前坐标更改完成,,,,,,,
R44404,,轴10 定位目标坐标更改完成,,,,,,,
R44405,,轴10 定位速度更改完成,,,,,,,
R44406,,轴10 定位运转重启完成,,,,,,,
R44407,,轴10 定位 M 代码输出中,,,,,,,
R44408,,轴10 定位强制执行下一点完成,,,,,,,
R44409,,轴10 定位连续运转中断完成,,,,,,,
R44410,,轴10 定位指定角停止完成,,,,,,,
R44500,,轴10 轴错误中,,,,,,,
R44501,,轴10 轴警告中,,,,,,,
R44502,,轴10 减速停止开始完成,,,,,,,
R44503,,轴10 轴控制中,,,,,,,
R44504,,轴10 伺服结束,,,,,,,
R44505,,轴10 伺服就绪,,,,,,,
R44506,,轴10 驱动报警,,,,,,,
R44507,,轴10 特殊功能开始完成,,,,,,,
R44508,,轴10 特殊功能解除完成,,,,,,,
R44509,,轴10 示教完成,,,,,,,
R44510,,轴10 原点复归完成,,,,,,,
R44511,,轴10 初始位置移动完成,,,,,,,
R44512,,轴10 高速原点移动完成,,,,,,,
R44513,,轴10 JOG 中,,,,,,,
R44600,,轴10 同步控制开始完成,,,,,,,
R44601,,轴10 同步控制解除完成,,,,,,,
R44602,,轴10 同步控制动作中,,,,,,,
R44603,,轴10 同步主离合器连接状态,,,,,,,
R44604,,轴10 同步主轴相位补偿量更改中,,,,,,,
R44605,,轴10 同步主离合器直接连接,,,,,,,
R44608,,轴10 同步辅离合器连接状态,,,,,,,
R44609,,轴10 同步辅助轴相位补偿量更改中,,,,,,,
R44610,,轴10 同步辅助离合器直接连接,,,,,,,
R44613,,轴10 同步可变齿轮更改中,,,,,,,
R44614,,轴10 同步凸轮切换完成,,,,,,,
R44615,,轴10 同步转矩限制离合器重连完成,,,,,,,
R44701,,轴10 同步转矩限制离合器切断中,,,,,,,
R44703,,轴10 零速度检测,,,,,,,
R44704,,轴10 SV 功能执行中,,,,,,,
R44705,,轴10 控制模式更改完成,,,,,,,
R44706,,轴10 驱动警告,,,,,,,
R44707,,轴10 速度指令一致,,,,,,,
R44708,,轴10 速度限制中,,,,,,,
R44709,,轴10 转矩限制中,,,,,,,
R44710,,轴10 伺服参数读取完成,,,,,,,
R44711,,轴10 伺服参数写入完成,,,,,,,
R44712,,轴10 伺服参数1点读取完成,,,,,,,
R44713,,轴10 伺服参数1点写入完成,,,,,,,
R44714,,轴10 从站重启完成,,,,,,,
R44715,,轴10 ML-III 指令通信完成,,,,,,,
R44800,,轴11 定位控制开始完成,,,,,,,
R44801,,轴11 定位脉冲输出完成,,,,,,,
R44802,,轴11 定位完成,,,,,,,
R44803,,轴11 当前坐标更改完成,,,,,,,
R44804,,轴11 定位目标坐标更改完成,,,,,,,
R44805,,轴11 定位速度更改完成,,,,,,,
R44806,,轴11 定位运转重启完成,,,,,,,
R44807,,轴11 定位 M 代码输出中,,,,,,,
R44808,,轴11 定位强制执行下一点完成,,,,,,,
R44809,,轴11 定位连续运转中断完成,,,,,,,
R44810,,轴11 定位指定角停止完成,,,,,,,
R44900,,轴11 轴错误中,,,,,,,
R44901,,轴11 轴警告中,,,,,,,
R44902,,轴11 减速停止开始完成,,,,,,,
R44903,,轴11 轴控制中,,,,,,,
R44904,,轴11 伺服结束,,,,,,,
R44905,,轴11 伺服就绪,,,,,,,
R44906,,轴11 驱动报警,,,,,,,
R44907,,轴11 特殊功能开始完成,,,,,,,
R44908,,轴11 特殊功能解除完成,,,,,,,
R44909,,轴11 示教完成,,,,,,,
R44910,,轴11 原点复归完成,,,,,,,
R44911,,轴11 初始位置移动完成,,,,,,,
R44912,,轴11 高速原点移动完成,,,,,,,
R44913,,轴11 JOG 中,,,,,,,
R45000,,轴11 同步控制开始完成,,,,,,,
R45001,,轴11 同步控制解除完成,,,,,,,
R45002,,轴11 同步控制动作中,,,,,,,
R45003,,轴11 同步主离合器连接状态,,,,,,,
R45004,,轴11 同步主轴相位补偿量更改中,,,,,,,
R45005,,轴11 同步主离合器直接连接,,,,,,,
R45008,,轴11 同步辅离合器连接状态,,,,,,,
R45009,,轴11 同步辅助轴相位补偿量更改中,,,,,,,
R45010,,轴11 同步辅助离合器直接连接,,,,,,,
R45013,,轴11 同步可变齿轮更改中,,,,,,,
R45014,,轴11 同步凸轮切换完成,,,,,,,
R45015,,轴11 同步转矩限制离合器重连完成,,,,,,,
R45101,,轴11 同步转矩限制离合器切断中,,,,,,,
R45103,,轴11 零速度检测,,,,,,,
R45104,,轴11 SV 功能执行中,,,,,,,
R45105,,轴11 控制模式更改完成,,,,,,,
R45106,,轴11 驱动警告,,,,,,,
R45107,,轴11 速度指令一致,,,,,,,
R45108,,轴11 速度限制中,,,,,,,
R45109,,轴11 转矩限制中,,,,,,,
R45110,,轴11 伺服参数读取完成,,,,,,,
R45111,,轴11 伺服参数写入完成,,,,,,,
R45112,,轴11 伺服参数1点读取完成,,,,,,,
R45113,,轴11 伺服参数1点写入完成,,,,,,,
R45114,,轴11 从站重启完成,,,,,,,
R45115,,轴11 ML-III 指令通信完成,,,,,,,
R45200,,轴12 定位控制开始完成,,,,,,,
R45201,,轴12 定位脉冲输出完成,,,,,,,
R45202,,轴12 定位完成,,,,,,,
R45203,,轴12 当前坐标更改完成,,,,,,,
R45204,,轴12 定位目标坐标更改完成,,,,,,,
R45205,,轴12 定位速度更改完成,,,,,,,
R45206,,轴12 定位运转重启完成,,,,,,,
R45207,,轴12 定位 M 代码输出中,,,,,,,
R45208,,轴12 定位强制执行下一点完成,,,,,,,
R45209,,轴12 定位连续运转中断完成,,,,,,,
R45210,,轴12 定位指定角停止完成,,,,,,,
R45300,,轴12 轴错误中,,,,,,,
R45301,,轴12 轴警告中,,,,,,,
R45302,,轴12 减速停止开始完成,,,,,,,
R45303,,轴12 轴控制中,,,,,,,
R45304,,轴12 伺服结束,,,,,,,
R45305,,轴12 伺服就绪,,,,,,,
R45306,,轴12 驱动报警,,,,,,,
R45307,,轴12 特殊功能开始完成,,,,,,,
R45308,,轴12 特殊功能解除完成,,,,,,,
R45309,,轴12 示教完成,,,,,,,
R45310,,轴12 原点复归完成,,,,,,,
R45311,,轴12 初始位置移动完成,,,,,,,
R45312,,轴12 高速原点移动完成,,,,,,,
R45313,,轴12 JOG 中,,,,,,,
R45400,,轴12 同步控制开始完成,,,,,,,
R45401,,轴12 同步控制解除完成,,,,,,,
R45402,,轴12 同步控制动作中,,,,,,,
R45403,,轴12 同步主离合器连接状态,,,,,,,
R45404,,轴12 同步主轴相位补偿量更改中,,,,,,,
R45405,,轴12 同步主离合器直接连接,,,,,,,
R45408,,轴12 同步辅离合器连接状态,,,,,,,
R45409,,轴12 同步辅助轴相位补偿量更改中,,,,,,,
R45410,,轴12 同步辅助离合器直接连接,,,,,,,
R45413,,轴12 同步可变齿轮更改中,,,,,,,
R45414,,轴12 同步凸轮切换完成,,,,,,,
R45415,,轴12 同步转矩限制离合器重连完成,,,,,,,
R45501,,轴12 同步转矩限制离合器切断中,,,,,,,
R45503,,轴12 零速度检测,,,,,,,
R45504,,轴12 SV 功能执行中,,,,,,,
R45505,,轴12 控制模式更改完成,,,,,,,
R45506,,轴12 驱动警告,,,,,,,
R45507,,轴12 速度指令一致,,,,,,,
R45508,,轴12 速度限制中,,,,,,,
R45509,,轴12 转矩限制中,,,,,,,
R45510,,轴12 伺服参数读取完成,,,,,,,
R45511,,轴12 伺服参数写入完成,,,,,,,
R45512,,轴12 伺服参数1点读取完成,,,,,,,
R45513,,轴12 伺服参数1点写入完成,,,,,,,
R45514,,轴12 从站重启完成,,,,,,,
R45515,,轴12 ML-III 指令通信完成,,,,,,,
R45600,,轴13 定位控制开始完成,,,,,,,
R45601,,轴13 定位脉冲输出完成,,,,,,,
R45602,,轴13 定位完成,,,,,,,
R45603,,轴13 当前坐标更改完成,,,,,,,
R45604,,轴13 定位目标坐标更改完成,,,,,,,
R45605,,轴13 定位速度更改完成,,,,,,,
R45606,,轴13 定位运转重启完成,,,,,,,
R45607,,轴13 定位 M 代码输出中,,,,,,,
R45608,,轴13 定位强制执行下一点完成,,,,,,,
R45609,,轴13 定位连续运转中断完成,,,,,,,
R45610,,轴13 定位指定角停止完成,,,,,,,
R45700,,轴13 轴错误中,,,,,,,
R45701,,轴13 轴警告中,,,,,,,
R45702,,轴13 减速停止开始完成,,,,,,,
R45703,,轴13 轴控制中,,,,,,,
R45704,,轴13 伺服结束,,,,,,,
R45705,,轴13 伺服就绪,,,,,,,
R45706,,轴13 驱动报警,,,,,,,
R45707,,轴13 特殊功能开始完成,,,,,,,
R45708,,轴13 特殊功能解除完成,,,,,,,
R45709,,轴13 示教完成,,,,,,,
R45710,,轴13 原点复归完成,,,,,,,
R45711,,轴13 初始位置移动完成,,,,,,,
R45712,,轴13 高速原点移动完成,,,,,,,
R45713,,轴13 JOG 中,,,,,,,
R45800,,轴13 同步控制开始完成,,,,,,,
R45801,,轴13 同步控制解除完成,,,,,,,
R45802,,轴13 同步控制动作中,,,,,,,
R45803,,轴13 同步主离合器连接状态,,,,,,,
R45804,,轴13 同步主轴相位补偿量更改中,,,,,,,
R45805,,轴13 同步主离合器直接连接,,,,,,,
R45808,,轴13 同步辅离合器连接状态,,,,,,,
R45809,,轴13 同步辅助轴相位补偿量更改中,,,,,,,
R45810,,轴13 同步辅助离合器直接连接,,,,,,,
R45813,,轴13 同步可变齿轮更改中,,,,,,,
R45814,,轴13 同步凸轮切换完成,,,,,,,
R45815,,轴13 同步转矩限制离合器重连完成,,,,,,,
R45901,,轴13 同步转矩限制离合器切断中,,,,,,,
R45903,,轴13 零速度检测,,,,,,,
R45904,,轴13 SV 功能执行中,,,,,,,
R45905,,轴13 控制模式更改完成,,,,,,,
R45906,,轴13 驱动警告,,,,,,,
R45907,,轴13 速度指令一致,,,,,,,
R45908,,轴13 速度限制中,,,,,,,
R45909,,轴13 转矩限制中,,,,,,,
R45910,,轴13 伺服参数读取完成,,,,,,,
R45911,,轴13 伺服参数写入完成,,,,,,,
R45912,,轴13 伺服参数1点读取完成,,,,,,,
R45913,,轴13 伺服参数1点写入完成,,,,,,,
R45914,,轴13 从站重启完成,,,,,,,
R45915,,轴13 ML-III 指令通信完成,,,,,,,
R46000,,轴14 定位控制开始完成,,,,,,,
R46001,,轴14 定位脉冲输出完成,,,,,,,
R46002,,轴14 定位完成,,,,,,,
R46003,,轴14 当前坐标更改完成,,,,,,,
R46004,,轴14 定位目标坐标更改完成,,,,,,,
R46005,,轴14 定位速度更改完成,,,,,,,
R46006,,轴14 定位运转重启完成,,,,,,,
R46007,,轴14 定位 M 代码输出中,,,,,,,
R46008,,轴14 定位强制执行下一点完成,,,,,,,
R46009,,轴14 定位连续运转中断完成,,,,,,,
R46010,,轴14 定位指定角停止完成,,,,,,,
R46100,,轴14 轴错误中,,,,,,,
R46101,,轴14 轴警告中,,,,,,,
R46102,,轴14 减速停止开始完成,,,,,,,
R46103,,轴14 轴控制中,,,,,,,
R46104,,轴14 伺服结束,,,,,,,
R46105,,轴14 伺服就绪,,,,,,,
R46106,,轴14 驱动报警,,,,,,,
R46107,,轴14 特殊功能开始完成,,,,,,,
R46108,,轴14 特殊功能解除完成,,,,,,,
R46109,,轴14 示教完成,,,,,,,
R46110,,轴14 原点复归完成,,,,,,,
R46111,,轴14 初始位置移动完成,,,,,,,
R46112,,轴14 高速原点移动完成,,,,,,,
R46113,,轴14 JOG 中,,,,,,,
R46200,,轴14 同步控制开始完成,,,,,,,
R46201,,轴14 同步控制解除完成,,,,,,,
R46202,,轴14 同步控制动作中,,,,,,,
R46203,,轴14 同步主离合器连接状态,,,,,,,
R46204,,轴14 同步主轴相位补偿量更改中,,,,,,,
R46205,,轴14 同步主离合器直接连接,,,,,,,
R46208,,轴14 同步辅离合器连接状态,,,,,,,
R46209,,轴14 同步辅助轴相位补偿量更改中,,,,,,,
R46210,,轴14 同步辅助离合器直接连接,,,,,,,
R46213,,轴14 同步可变齿轮更改中,,,,,,,
R46214,,轴14 同步凸轮切换完成,,,,,,,
R46215,,轴14 同步转矩限制离合器重连完成,,,,,,,
R46301,,轴14 同步转矩限制离合器切断中,,,,,,,
R46303,,轴14 零速度检测,,,,,,,
R46304,,轴14 SV 功能执行中,,,,,,,
R46305,,轴14 控制模式更改完成,,,,,,,
R46306,,轴14 驱动警告,,,,,,,
R46307,,轴14 速度指令一致,,,,,,,
R46308,,轴14 速度限制中,,,,,,,
R46309,,轴14 转矩限制中,,,,,,,
R46310,,轴14 伺服参数读取完成,,,,,,,
R46311,,轴14 伺服参数写入完成,,,,,,,
R46312,,轴14 伺服参数1点读取完成,,,,,,,
R46313,,轴14 伺服参数1点写入完成,,,,,,,
R46314,,轴14 从站重启完成,,,,,,,
R46315,,轴14 ML-III 指令通信完成,,,,,,,
R46400,,轴15 定位控制开始完成,,,,,,,
R46401,,轴15 定位脉冲输出完成,,,,,,,
R46402,,轴15 定位完成,,,,,,,
R46403,,轴15 当前坐标更改完成,,,,,,,
R46404,,轴15 定位目标坐标更改完成,,,,,,,
R46405,,轴15 定位速度更改完成,,,,,,,
R46406,,轴15 定位运转重启完成,,,,,,,
R46407,,轴15 定位 M 代码输出中,,,,,,,
R46408,,轴15 定位强制执行下一点完成,,,,,,,
R46409,,轴15 定位连续运转中断完成,,,,,,,
R46410,,轴15 定位指定角停止完成,,,,,,,
R46500,,轴15 轴错误中,,,,,,,
R46501,,轴15 轴警告中,,,,,,,
R46502,,轴15 减速停止开始完成,,,,,,,
R46503,,轴15 轴控制中,,,,,,,
R46504,,轴15 伺服结束,,,,,,,
R46505,,轴15 伺服就绪,,,,,,,
R46506,,轴15 驱动报警,,,,,,,
R46507,,轴15 特殊功能开始完成,,,,,,,
R46508,,轴15 特殊功能解除完成,,,,,,,
R46509,,轴15 示教完成,,,,,,,
R46510,,轴15 原点复归完成,,,,,,,
R46511,,轴15 初始位置移动完成,,,,,,,
R46512,,轴15 高速原点移动完成,,,,,,,
R46513,,轴15 JOG 中,,,,,,,
R46600,,轴15 同步控制开始完成,,,,,,,
R46601,,轴15 同步控制解除完成,,,,,,,
R46602,,轴15 同步控制动作中,,,,,,,
R46603,,轴15 同步主离合器连接状态,,,,,,,
R46604,,轴15 同步主轴相位补偿量更改中,,,,,,,
R46605,,轴15 同步主离合器直接连接,,,,,,,
R46608,,轴15 同步辅离合器连接状态,,,,,,,
R46609,,轴15 同步辅助轴相位补偿量更改中,,,,,,,
R46610,,轴15 同步辅助离合器直接连接,,,,,,,
R46613,,轴15 同步可变齿轮更改中,,,,,,,
R46614,,轴15 同步凸轮切换完成,,,,,,,
R46615,,轴15 同步转矩限制离合器重连完成,,,,,,,
R46701,,轴15 同步转矩限制离合器切断中,,,,,,,
R46703,,轴15 零速度检测,,,,,,,
R46704,,轴15 SV 功能执行中,,,,,,,
R46705,,轴15 控制模式更改完成,,,,,,,
R46706,,轴15 驱动警告,,,,,,,
R46707,,轴15 速度指令一致,,,,,,,
R46708,,轴15 速度限制中,,,,,,,
R46709,,轴15 转矩限制中,,,,,,,
R46710,,轴15 伺服参数读取完成,,,,,,,
R46711,,轴15 伺服参数写入完成,,,,,,,
R46712,,轴15 伺服参数1点读取完成,,,,,,,
R46713,,轴15 伺服参数1点写入完成,,,,,,,
R46714,,轴15 从站重启完成,,,,,,,
R46715,,轴15 ML-III 指令通信完成,,,,,,,
R46800,,轴16 定位控制开始完成,,,,,,,
R46801,,轴16 定位脉冲输出完成,,,,,,,
R46802,,轴16 定位完成,,,,,,,
R46803,,轴16 当前坐标更改完成,,,,,,,
R46804,,轴16 定位目标坐标更改完成,,,,,,,
R46805,,轴16 定位速度更改完成,,,,,,,
R46806,,轴16 定位运转重启完成,,,,,,,
R46807,,轴16 定位 M 代码输出中,,,,,,,
R46808,,轴16 定位强制执行下一点完成,,,,,,,
R46809,,轴16 定位连续运转中断完成,,,,,,,
R46810,,轴16 定位指定角停止完成,,,,,,,
R46900,,轴16 轴错误中,,,,,,,
R46901,,轴16 轴警告中,,,,,,,
R46902,,轴16 减速停止开始完成,,,,,,,
R46903,,轴16 轴控制中,,,,,,,
R46904,,轴16 伺服结束,,,,,,,
R46905,,轴16 伺服就绪,,,,,,,
R46906,,轴16 驱动报警,,,,,,,
R46907,,轴16 特殊功能开始完成,,,,,,,
R46908,,轴16 特殊功能解除完成,,,,,,,
R46909,,轴16 示教完成,,,,,,,
R46910,,轴16 原点复归完成,,,,,,,
R46911,,轴16 初始位置移动完成,,,,,,,
R46912,,轴16 高速原点移动完成,,,,,,,
R46913,,轴16 JOG 中,,,,,,,
R47000,,轴16 同步控制开始完成,,,,,,,
R47001,,轴16 同步控制解除完成,,,,,,,
R47002,,轴16 同步控制动作中,,,,,,,
R47003,,轴16 同步主离合器连接状态,,,,,,,
R47004,,轴16 同步主轴相位补偿量更改中,,,,,,,
R47005,,轴16 同步主离合器直接连接,,,,,,,
R47008,,轴16 同步辅离合器连接状态,,,,,,,
R47009,,轴16 同步辅助轴相位补偿量更改中,,,,,,,
R47010,,轴16 同步辅助离合器直接连接,,,,,,,
R47013,,轴16 同步可变齿轮更改中,,,,,,,
R47014,,轴16 同步凸轮切换完成,,,,,,,
R47015,,轴16 同步转矩限制离合器重连完成,,,,,,,
R47101,,轴16 同步转矩限制离合器切断中,,,,,,,
R47103,,轴16 零速度检测,,,,,,,
R47104,,轴16 SV 功能执行中,,,,,,,
R47105,,轴16 控制模式更改完成,,,,,,,
R47106,,轴16 驱动警告,,,,,,,
R47107,,轴16 速度指令一致,,,,,,,
R47108,,轴16 速度限制中,,,,,,,
R47109,,轴16 转矩限制中,,,,,,,
R47110,,轴16 伺服参数读取完成,,,,,,,
R47111,,轴16 伺服参数写入完成,,,,,,,
R47112,,轴16 伺服参数1点读取完成,,,,,,,
R47113,,轴16 伺服参数1点写入完成,,,,,,,
R47114,,轴16 从站重启完成,,,,,,,
R47115,,轴16 ML-III 指令通信完成,,,,,,,
R48000,,ch0 动作使能,,,,,,,
R48001,,ch0 计数当前值上溢重置,,,,,,,
R48002,,ch0 比较器0匹配状态重置,,,,,,,
R48003,,ch0 比较器1匹配状态重置,,,,,,,
R48004,,ch0 当前值写入请求,,,,,,,
R48005,,ch0 设定更新请求,,,,,,,
R48006,,ch0 预置值写入请求,,,,,,,
R48007,,ch0 内部预置请求,,,,,,,
R48008,,ch0 OUT0重置,,,,,,,
R48009,,ch0 OUT0设定,,,,,,,
R48010,,ch0 OUT1重置,,,,,,,
R48011,,ch0 OUT1设定,,,,,,,
R48012,,ch0 输入捕获0重置,,,,,,,
R48013,,ch0 输入捕获1重置,,,,,,,
R48014,,ch0 Z相检测重置,,,,,,,
R48015,,ch0 内部使能设定,,,,,,,
R48100,,ch1 动作使能,,,,,,,
R48101,,ch1 计数当前值上溢重置,,,,,,,
R48102,,ch1 比较器0匹配状态重置,,,,,,,
R48103,,ch1 比较器1匹配状态重置,,,,,,,
R48104,,ch1 当前值写入请求,,,,,,,
R48105,,ch1 设定更新请求,,,,,,,
R48106,,ch1 预置值写入请求,,,,,,,
R48107,,ch1 内部预置请求,,,,,,,
R48108,,ch1 OUT0重置,,,,,,,
R48109,,ch1 OUT0设定,,,,,,,
R48110,,ch1 OUT1重置,,,,,,,
R48111,,ch1 OUT1设定,,,,,,,
R48112,,ch1 输入捕获0重置,,,,,,,
R48113,,ch1 输入捕获1重置,,,,,,,
R48114,,ch1 Z相检测重置,,,,,,,
R48115,,ch1 内部使能设定,,,,,,,
R48200,,SSC02错误继电器,,,,,,,
R48300,,ch0 运行中,,,,,,,
R48301,,ch0 计数当前值上溢,,,,,,,
R48302,,ch0 比较器0匹配,,,,,,,
R48303,,ch0 比较器1匹配,,,,,,,
R48304,,ch0 当前值写入完成,,,,,,,
R48305,,ch0 设定更新完成,,,,,,,
R48306,,ch0 预置值写入完成,,,,,,,
R48307,,ch0 内部预置完成,,,,,,,
R48309,,ch0 OUT0输出状态,,,,,,,
R48311,,ch0 OUT1输出状态,,,,,,,
R48312,,ch0 输入捕获0输入状态,,,,,,,
R48313,,ch0 输入捕获1输入状态,,,,,,,
R48314,,ch0 Z相位检测,,,,,,,
R48400,,ch1 运行中,,,,,,,
R48401,,ch1 计数当前值上溢,,,,,,,
R48402,,ch1 比较器0匹配,,,,,,,
R48403,,ch1 比较器1匹配,,,,,,,
R48404,,ch1 当前值写入完成,,,,,,,
R48405,,ch1 设定更新完成,,,,,,,
R48406,,ch1 预置值写入完成,,,,,,,
R48407,,ch1 内部预置完成,,,,,,,
R48409,,ch1 OUT0输出状态,,,,,,,
R48411,,ch1 OUT1输出状态,,,,,,,
R48412,,ch1 输入捕获0输入状态,,,,,,,
R48413,,ch1 输入捕获1输入状态,,,,,,,
R48414,,ch1 Z相位检测,,,,,,,
R48500,,ch0 比较器0上溢,,,,,,,
R48501,,ch0 比较器0下溢,,,,,,,
R48502,,ch0 比较器1上溢,,,,,,,
R48503,,ch0 比较器1下溢,,,,,,,
R48504,,ch0 外部预置(Z相)输入状态,,,,,,,
R48505,,ch0 INPUT0/外部有效输入状态,,,,,,,
R48506,,ch0 INPUT1输入状态,,,,,,,
R48509,,ch0 A相输入状态,,,,,,,
R48510,,ch0 B相输入状态,,,,,,,
R48511,,ch0 负方向计数中,,,,,,,
R48512,,ch0 设定时间内计数模式运行状态,,,,,,,
R48600,,ch1 比较器0上溢,,,,,,,
R48601,,ch1 比较器0下溢,,,,,,,
R48602,,ch1 比较器1上溢,,,,,,,
R48603,,ch1 比较器1下溢,,,,,,,
R48604,,ch1 外部预置(Z相)输入状态,,,,,,,
R48605,,ch1 INPUT0/外部有效输入状态,,,,,,,
R48606,,ch1 INPUT1输入状态,,,,,,,
R48609,,ch1 A相输入状态,,,,,,,
R48610,,ch1 B相输入状态,,,,,,,
R48611,,ch1 负方向计数中,,,,,,,
R48612,,ch1 设定时间内计数模式运行状态,,,,,,,
R49000,,单元程序动作使能,,,,,,,
R49001,,清除单元程序错误,,,,,,,
R49008,,通信监控器 跟踪停止请求,,,,,,,
R49100,,单元程序动作就绪,,,,,,,
R49101,,单元程序错误中,,,,,,,
R49102,,单元程序警告中,,,,,,,
R49208,,PORT1 ER状态,,,,,,,
R49210,,PORT1 DR状态,,,,,,,
R49211,,PORT1 RS状态,,,,,,,
R49212,,PORT1 CS状态,,,,,,,
R49308,,PORT2 ER状态,,,,,,,
R49310,,PORT2 DR状态,,,,,,,
R49311,,PORT2 RS状态,,,,,,,
R49312,,PORT2 CS状态,,,,,,,
MR100,,载板使能0,,,,,,,
MR101,,载板使能1,,,,,,,
MR102,,载板使能2,,,,,,,
MR103,,载板使能3,,,,,,,
MR104,,载板使能4,,,,,,,
MR105,,载板使能5,,,,,,,
MR106,,载板使能6,,,,,,,
MR107,,载板使能7,,,,,,,
MR108,,载板使能8,,,,,,,
MR109,,载板使能9,,,,,,,
MR110,,载板使能10,,,,,,,
MR111,,载板使能11,,,,,,,
MR112,,载板使能12,,,,,,,
MR113,,载板使能13,,,,,,,
MR114,,载板使能14,,,,,,,
MR115,,载板使能15,,,,,,,
MR200,,光纤使能0,,,,,,,
MR201,,光纤使能1,,,,,,,
MR202,,光纤使能2,,,,,,,
MR203,,光纤使能3,,,,,,,
MR204,,光纤使能4,,,,,,,
MR205,,光纤使能5,,,,,,,
MR206,,光纤使能6,,,,,,,
MR207,,光纤使能7,,,,,,,
MR208,,光纤使能8,,,,,,,
MR209,,光纤使能9,,,,,,,
MR210,,光纤使能10,,,,,,,
MR211,,光纤使能11,,,,,,,
MR1000,,LX轴总故障,,,,,,,
MR1001,,LY轴总故障,,,,,,,
MR1002,,LZ轴总故障,,,,,,,
MR1003,,LR轴总故障,,,,,,,
MR1004,,轴总故障,,,,,,,
CR000,,记录/跟踪0 执行使能,Log/trace0 exec enabled,,,,,,
CR001,,记录/跟踪0 运行中,Log/trace0 in operation,,,,,,
CR002,,记录/跟踪0 文件写入结束,Log/trace0 file write end,,,,,,
CR003,,记录0 缓存不满50%警告,Log0 buffer 50% alm,,,,,,
CR004,,记录0 缓存上溢,Log0 buffer overflow,,,,,,
CR005,,记录0 执行中RUN中写入,Log0 write during RUN,,,,,,
CR008,,记录/跟踪0 记录/跟踪错误,Log/trace0 log/trace err,,,,,,
CR009,,记录/跟踪0 存储器无空间的错误,Log/trace0 no memory cap err,,,,,,
CR010,,记录/跟踪0 软元件/触发设定异常,Log/trace0 dev/trig set err,,,,,,
CR011,,跟踪0 文件保存触发监控,Trace0 file save trig mon,,,,,,
CR012,,跟踪0 数据捕获完成,Trace0 data acq completed,,,,,,
CR100,,记录/跟踪1 执行使能,Log/trace1 exec enabled,,,,,,
CR101,,记录/跟踪1 运行中,Log/trace1 in operation,,,,,,
CR102,,记录/跟踪1 文件写入结束,Log/trace1 file write end,,,,,,
CR103,,记录1 缓存不满50%警告,Log1 buffer 50% alm,,,,,,
CR104,,记录1 缓存上溢,Log1 buffer overflow,,,,,,
CR105,,记录1 执行中RUN中写入,Log1 write during RUN,,,,,,
CR108,,记录/跟踪1 记录/跟踪错误,Log/trace1 log/trace err,,,,,,
CR109,,记录/跟踪1 存储器无空间的错误,Log/trace1 no memory cap err,,,,,,
CR110,,记录/跟踪1 软元件/触发设定异常,Log/trace1 dev/trig set err,,,,,,
CR111,,跟踪1 文件保存触发监控,Trace1 file save trig mon,,,,,,
CR112,,跟踪1 数据捕获完成,Trace1 data acq completed,,,,,,
CR200,,记录/跟踪2 执行使能,Log/trace2 exec enabled,,,,,,
CR201,,记录/跟踪2 运行中,Log/trace2 in operation,,,,,,
CR202,,记录/跟踪2 文件写入结束,Log/trace2 file write end,,,,,,
CR203,,记录2 缓存不满50%警告,Log2 buffer 50% alm,,,,,,
CR204,,记录2 缓存上溢,Log2 buffer overflow,,,,,,
CR205,,记录2 执行中RUN中写入,Log2 write during RUN,,,,,,
CR208,,记录/跟踪2 记录/跟踪错误,Log/trace2 logg/trace err,,,,,,
CR209,,记录/跟踪2 存储器无空间的错误,Log/trace2 no memory cap err,,,,,,
CR210,,记录/跟踪2 软元件/触发设定异常,Log/trace2 dev/trig set err,,,,,,
CR211,,跟踪2 文件保存触发监控,Trace2 file save trig mon,,,,,,
CR212,,跟踪2 数据捕获完成,Trace2 data acq completed,,,,,,
CR300,,记录/跟踪3 执行使能,Log/trace3 exec enabled,,,,,,
CR301,,记录/跟踪3 运行中,Log/trace3 in operation,,,,,,
CR302,,记录/跟踪3 文件写入结束,Log/trace3 file write end,,,,,,
CR303,,记录3 缓存不满50%警告,Log3 buffer 50% alm,,,,,,
CR304,,记录3 缓存上溢,Log3 buffer overflow,,,,,,
CR305,,记录3 执行中RUN中写入,Log3 write during RUN,,,,,,
CR308,,记录/跟踪3 记录/跟踪错误,Log/trace3 log/trace err,,,,,,
CR309,,记录/跟踪3 存储器无空间的错误,Log/trace3 no memory cap err,,,,,,
CR310,,记录/跟踪3 软元件/触发设定异常,Log/trace3 dev/trig set err,,,,,,
CR311,,跟踪3 文件保存触发监控,Trace3 file save trig mon,,,,,,
CR312,,跟踪3 数据捕获完成,Trace3 data acq completed,,,,,,
CR400,,记录/跟踪4 执行使能,Log/trace4 exec enabled,,,,,,
CR401,,记录/跟踪4 运行中,Log/trace4 in operation,,,,,,
CR402,,记录/跟踪4 文件写入结束,Log/trace4 file write end,,,,,,
CR403,,记录4 缓存不满50%警告,Log4 buffer 50% alm,,,,,,
CR404,,记录4 缓存上溢,Log4 buffer overflow,,,,,,
CR405,,记录4 执行中RUN中写入,Log4 write during RUN,,,,,,
CR408,,记录/跟踪4 记录/跟踪错误,Log/trace4 log/trace err,,,,,,
CR409,,记录/跟踪4 存储器无空间的错误,Log/trace4 no memory cap err,,,,,,
CR410,,记录/跟踪4 软元件/触发设定异常,Log/trace4 dev/trig set err,,,,,,
CR411,,跟踪4 文件保存触发监控,Trace4 file save trig mon,,,,,,
CR412,,跟踪4 数据捕获完成,Trace4 data acq completed,,,,,,
CR500,,记录/跟踪5 执行使能,Log/trace5 exec enabled,,,,,,
CR501,,记录/跟踪5 运行中,Log/trace5 in operation,,,,,,
CR502,,记录/跟踪5 文件写入结束,Log/trace5 file write end,,,,,,
CR503,,记录5 缓存不满50%警告,Log5 buffer 50% alm,,,,,,
CR504,,记录5 缓存上溢,Log5 buffer overflow,,,,,,
CR505,,记录5 执行中RUN中写入,Log5 write during RUN,,,,,,
CR508,,记录/跟踪5 记录/跟踪错误,Log/trace5 log/trace err,,,,,,
CR509,,记录/跟踪5 存储器无空间的错误,Log/trace5 no memory cap err,,,,,,
CR510,,记录/跟踪5 软元件/触发设定异常,Log/trace5 dev/trig set err,,,,,,
CR511,,跟踪5 文件保存触发监控,Trace5 file save trig mon,,,,,,
CR512,,跟踪5 数据捕获完成,Trace5 data acq completed,,,,,,
CR600,,记录/跟踪6 执行使能,Log/trace6 exec enabled,,,,,,
CR601,,记录/跟踪6 运行中,Log/trace6 in operation,,,,,,
CR602,,记录/跟踪6 文件写入结束,Log/trace6 file write end,,,,,,
CR603,,记录6 缓存不满50%警告,Log6 buffer 50% alm,,,,,,
CR604,,记录6 缓存上溢,Log6 buffer overflow,,,,,,
CR605,,记录6 执行中RUN中写入,Log6 write during RUN,,,,,,
CR608,,记录/跟踪6 记录/跟踪错误,Log/trace6 log/trace err,,,,,,
CR609,,记录/跟踪6 存储器无空间的错误,Log/trace6 no memory cap err,,,,,,
CR610,,记录/跟踪6 软元件/触发设定异常,Log/trace6 dev/trig set err,,,,,,
CR611,,跟踪6 文件保存触发监控,Trace6 file save trig mon,,,,,,
CR612,,跟踪6 数据捕获完成,Trace6 data acq completed,,,,,,
CR700,,记录/跟踪7 执行使能,Log/trace7 exec enabled,,,,,,
CR701,,记录/跟踪7 运行中,Log/trace7 in operation,,,,,,
CR702,,记录/跟踪7 文件写入结束,Log/trace7 file write end,,,,,,
CR703,,记录7 缓存不满50%警告,Log7 buffer 50% alm,,,,,,
CR704,,记录7 缓存上溢,Log7 buffer overflow,,,,,,
CR705,,记录7 执行中RUN中写入,Log7 write during RUN,,,,,,
CR708,,记录/跟踪7 记录/跟踪错误,Log/trace7 log/trace err,,,,,,
CR709,,记录/跟踪7 存储器无空间的错误,Log/trace7 no memory cap err,,,,,,
CR710,,记录/跟踪7 软元件/触发设定异常,Log/trace7 dev/trig set err,,,,,,
CR711,,跟踪7 文件保存触发监控,Trace7 file save trig mon,,,,,,
CR712,,跟踪7 数据捕获完成,Trace7 data acq completed,,,,,,
CR800,,记录/跟踪8 执行使能,Log/trace8 exec enabled,,,,,,
CR801,,记录/跟踪8 运行中,Log/trace8 in operation,,,,,,
CR802,,记录/跟踪8 文件写入结束,Log/trace8 file write end,,,,,,
CR803,,记录8 缓存不满50%警告,Log8 buffer 50% alm,,,,,,
CR804,,记录8 缓存上溢,Log8 buffer overflow,,,,,,
CR805,,记录8 执行中RUN中写入,Log8 write during RUN,,,,,,
CR808,,记录/跟踪8 记录/跟踪错误,Log/trace8 log/trace err,,,,,,
CR809,,记录/跟踪8 存储器无空间的错误,Log/trace8 no memory cap err,,,,,,
CR810,,记录/跟踪8 软元件/触发设定异常,Log/trace8 dev/trig set err,,,,,,
CR811,,跟踪8 文件保存触发监控,Trace8 file save trig mon,,,,,,
CR812,,跟踪8 数据捕获完成,Trace8 data acq completed,,,,,,
CR900,,记录/跟踪9 执行使能,Log/trace9 exec enabled,,,,,,
CR901,,记录/跟踪9 运行中,Log/trace9 in operation,,,,,,
CR902,,记录/跟踪9 文件写入结束,Log/trace9 file write end,,,,,,
CR903,,记录9 缓存不满50%警告,Log9 buffer 50% alm,,,,,,
CR904,,记录9 缓存上溢,Log9 buffer overflow,,,,,,
CR905,,记录9 执行中RUN中写入,Log9 write during RUN,,,,,,
CR908,,记录/跟踪9 记录/跟踪错误,Log/trace9 log/trace err,,,,,,
CR909,,记录/跟踪9 存储器无空间的错误,Log/trace9 no memory cap err,,,,,,
CR910,,记录/跟踪9 软元件/触发设定异常,Log/trace9 dev/trig set err,,,,,,
CR911,,跟踪9 文件保存触发监控,Trace9 file save trig mon,,,,,,
CR912,,跟踪9 数据捕获完成,Trace9 data acq completed,,,,,,
CR2002,,常时ON,Always ON,,,,,,
CR2003,,常时OFF,Always OFF,,,,,,
CR2004,,10ms时钟脉冲,10ms clock pulse,,,,,,
CR2005,,100ms时钟脉冲,100ms clock pulse,,,,,,
CR2006,,1s时钟脉冲,1s clock pulse,,,,,,
CR2007,,运转开始时1次扫描OFF,1 scan OFF at start,,,,,,
CR2008,,运转开始时1次扫描ON,1 scan ON at start,,,,,,
CR2009,,运算结果为负数,Negative result,,,,,,
CR2010,,运算结果为零,0 result,,,,,,
CR2011,,运算结果为正数,Positive result,,,,,,
CR2012,,运算执行错误,Execution error,,,,,,
CR2303,,恒定扫描时间运转,Fix scan time operation,,,,,,
CR2304,,恒定扫描时间超出时1次扫描ON,Fx scn tim ovr 1 scn ON,,,,,,
CR2306,,后备电池异常,Backup batt error,,,,,,
CR2307,,扫描时间最小值/最大值清除,Scan time max/min clear,,,,,,
CR2308,,END处理时间设定,End proc time setting,,,,,,
CR2311,,时间异常,Time error,,,,,,
CR2313,,VT传感器应用画面强制切换,VT SensorAppli screen force chng,,,,,,
CR2314,,项目密码认证禁止状态,Project password auth prohibited,,,,,,
CR2814,,ASCII转换消零设定,ASCII conv 0 suppr set,,,,,,
CR2815,,ASCII转换+符号省略,ASCII conv +sign omit,,,,,,
CR3100,,单元g同步 刷新的时间超出,Unit Sync Refresh interval over,,,,,,
CR3200,,CPU存储器 存储请求,CPU Memory save request,,,,,,
CR3201,,CPU存储器 在保存过程,CPU Memory is saving,,,,,,
CR3202,,CPU存储器 存储完成,CPU Memory save end,,,,,,
CR3203,,CPU存储器 存储处理错误,CPU Memory save err,,,,,,
CR3207,,CPU存储器 指令内存模式,CPU Memory Instr RAM mode,,,,,,
CR3210,,任意记录正在运行,Logging in operation,,,,,,
CR3214,,存储正在执行指令,Storage instr executing,,,,,,
CR3300,,用户警报0,User Alarm 0,,,,,,
CR3301,,用户警报1,User Alarm 1,,,,,,
CR3302,,用户警报2,User Alarm 2,,,,,,
CR3303,,用户警报3,User Alarm 3,,,,,,
CR3304,,用户警报4,User Alarm 4,,,,,,
CR3305,,用户警报5,User Alarm 5,,,,,,
CR3306,,用户警报6,User Alarm 6,,,,,,
CR3307,,用户警报7,User Alarm 7,,,,,,
CR3308,,用户警报8,User Alarm 8,,,,,,
CR3309,,用户警报9,User Alarm 9,,,,,,
CR3310,,用户警报10,User Alarm 10,,,,,,
CR3311,,用户警报11,User Alarm 11,,,,,,
CR3312,,用户警报12,User Alarm 12,,,,,,
CR3313,,用户警报13,User Alarm 13,,,,,,
CR3314,,用户警报14,User Alarm 14,,,,,,
CR3315,,用户警报15,User Alarm 15,,,,,,
CR3400,,用户警报16,User Alarm 16,,,,,,
CR3401,,用户警报17,User Alarm 17,,,,,,
CR3402,,用户警报18,User Alarm 18,,,,,,
CR3403,,用户警报19,User Alarm 19,,,,,,
CR3404,,用户警报20,User Alarm 20,,,,,,
CR3405,,用户警报21,User Alarm 21,,,,,,
CR3406,,用户警报22,User Alarm 22,,,,,,
CR3407,,用户警报23,User Alarm 23,,,,,,
CR3408,,用户警报24,User Alarm 24,,,,,,
CR3409,,用户警报25,User Alarm 25,,,,,,
CR3410,,用户警报26,User Alarm 26,,,,,,
CR3411,,用户警报27,User Alarm 27,,,,,,
CR3412,,用户警报28,User Alarm 28,,,,,,
CR3413,,用户警报29,User Alarm 29,,,,,,
CR3414,,用户警报30,User Alarm 30,,,,,,
CR3415,,用户警报31,User Alarm 31,,,,,,
CR3500,,警报检测,Alarm detection,,,,,,
CR3501,,警报日志设定,Alarm history setting,,,,,,
CR3502,,警报日志清除,Alarm history clear,,,,,,
CR3513,,记录内部缓存上溢,Loging internal buffer overflow,,,,,,
CR3514,,HKEY指令多键去能,HKEY mlt key dis,,,,,,
CR3515,,HKEY指令扫描结束,HKEY scan end,,,,,,
CR3600,,HKEY指令信息存储区域,HKEY info area,,,,,,
CR3601,,HKEY指令信息存储区域,HKEY info area,,,,,,
CR3602,,HKEY指令信息存储区域,HKEY info area,,,,,,
CR3603,,HKEY指令信息存储区域,HKEY info area,,,,,,
CR3604,,HKEY指令信息存储区域,HKEY info area,,,,,,
CR3605,,HKEY指令信息存储区域,HKEY info area,,,,,,
CR3606,,HKEY指令信息存储区域,HKEY info area,,,,,,
CR3607,,HKEY指令信息存储区域,HKEY info area,,,,,,
CR3608,,HKEY指令信息存储区域,HKEY info area,,,,,,
CR3609,,HKEY指令信息存储区域,HKEY info area,,,,,,
CR3610,,HKEY指令信息存储区域,HKEY info area,,,,,,
CR3611,,HKEY指令信息存储区域,HKEY info area,,,,,,
CR3612,,HKEY指令信息存储区域,HKEY info area,,,,,,
CR3613,,HKEY指令信息存储区域,HKEY info area,,,,,,
CR3614,,HKEY指令信息存储区域,HKEY info area,,,,,,
CR3615,,HKEY指令信息存储区域,HKEY info area,,,,,,
CR3900,,清除严重错误日志,Error hist clear,,,,,,
CR3901,,清除一般错误日志,Warning hist clear,,,,,,
CR3902,,最大严重错误日志,Error hist max,,,,,,
CR3903,,最大一般错误日志,Warning hist error,,,,,,
CR3904,,RUN-PROG切换开关,RUN-PROG switch,,,,,,
CR3905,,正在发生严重错误,Error occured,,,,,,
CR3906,,正在发生一般错误,Warning occured,,,,,,
CR3907,,清除电源ON日志,Pwr ON hist clear,,,,,,
CR3908,,清除电源OFF日志,Pwr OFF hist clear,,,,,,
CR3909,,清除当前错误,Crnt error clear,,,,,,
CR4001,,连接扩展单元 1,Expansion unit 1 connect,,,,,,
CR4002,,连接扩展单元 2,Expansion unit 2 connect,,,,,,
CR4003,,连接扩展单元 3,Expansion unit 3 connect,,,,,,
CR4004,,连接扩展单元 4,Expansion unit 4 connect,,,,,,
CR4005,,连接扩展单元 5,Expansion unit 5 connect,,,,,,
CR4006,,连接扩展单元 6,Expansion unit 6 connect,,,,,,
CR4007,,连接扩展单元 7,Expansion unit 7 connect,,,,,,
CR4008,,连接扩展单元 8,Expansion unit 8 connect,,,,,,
CR4009,,连接扩展单元 9,Expansion unit 9 connect,,,,,,
CR4010,,连接扩展单元 10,Expansion unit 10 connect,,,,,,
CR4011,,连接扩展单元 11,Expansion unit 11 connect,,,,,,
CR4012,,连接扩展单元 12,Expansion unit 12 connect,,,,,,
CR4013,,连接扩展单元 13,Expansion unit 13 connect,,,,,,
CR4014,,连接扩展单元 14,Expansion unit 14 connect,,,,,,
CR4015,,连接扩展单元 15,Expansion unit 15 connect,,,,,,
CR4100,,连接扩展单元 16,Expansion unit 16 connect,,,,,,
CR4101,,连接扩展单元 17,Expansion unit 17 connect,,,,,,
CR4102,,连接扩展单元 18,Expansion unit 18 connect,,,,,,
CR4103,,连接扩展单元 19,Expansion unit 19 connect,,,,,,
CR4104,,连接扩展单元 20,Expansion unit 20 connect,,,,,,
CR4105,,连接扩展单元 21,Expansion unit 21 connect,,,,,,
CR4106,,连接扩展单元 22,Expansion unit 22 connect,,,,,,
CR4107,,连接扩展单元 23,Expansion unit 23 connect,,,,,,
CR4108,,连接扩展单元 24,Expansion unit 24 connect,,,,,,
CR4109,,连接扩展单元 25,Expansion unit 25 connect,,,,,,
CR4110,,连接扩展单元 26,Expansion unit 26 connect,,,,,,
CR4111,,连接扩展单元 27,Expansion unit 27 connect,,,,,,
CR4112,,连接扩展单元 28,Expansion unit 28 connect,,,,,,
CR4113,,连接扩展单元 29,Expansion unit 29 connect,,,,,,
CR4114,,连接扩展单元 30,Expansion unit 30 connect,,,,,,
CR4115,,连接扩展单元 31,Expansion unit 31 connect,,,,,,
CR4200,,连接扩展单元 32,Expansion unit 32 connect,,,,,,
CR4201,,连接扩展单元 33,Expansion unit 33 connect,,,,,,
CR4202,,连接扩展单元 34,Expansion unit 34 connect,,,,,,
CR4203,,连接扩展单元 35,Expansion unit 35 connect,,,,,,
CR4204,,连接扩展单元 36,Expansion unit 36 connect,,,,,,
CR4205,,连接扩展单元 37,Expansion unit 37 connect,,,,,,
CR4206,,连接扩展单元 38,Expansion unit 38 connect,,,,,,
CR4207,,连接扩展单元 39,Expansion unit 39 connect,,,,,,
CR4208,,连接扩展单元 40,Expansion unit 40 connect,,,,,,
CR4209,,连接扩展单元 41,Expansion unit 41 connect,,,,,,
CR4210,,连接扩展单元 42,Expansion unit 42 connect,,,,,,
CR4211,,连接扩展单元 43,Expansion unit 43 connect,,,,,,
CR4212,,连接扩展单元 44,Expansion unit 44 connect,,,,,,
CR4213,,连接扩展单元 45,Expansion unit 45 connect,,,,,,
CR4214,,连接扩展单元 46,Expansion unit 46 connect,,,,,,
CR4215,,连接扩展单元 47,Expansion unit 47 connect,,,,,,
CR4300,,连接扩展单元 48,Expansion unit 48 connect,,,,,,
CR4400,,AW在UP键被按下,AW UP key is being pressed,,,,,,
CR4401,,AW在DOWN键被按下,AW DOWN key is being pressed,,,,,,
CR4402,,AW在LEFT键被按下,AW LEFT key is being pressed,,,,,,
CR4403,,AW在RIGHT键被按下,AW RIGHT key is being pressed,,,,,,
CR4404,,AW在MENU键被按下,AW MENU key is being pressed,,,,,,
CR4405,,AW在ENT键被按下,AW ENT key is being pressed,,,,,,
CR4415,,显示的用户信息,AW user message displayed,,,,,,
CR4500,,AW第1行闪烁,AW line1 blink,,,,,,
CR4501,,AW第2行闪烁,AW line2 blink,,,,,,
CR4502,,AW第3行闪烁,AW line3 blink,,,,,,
CR4503,,AW第4行闪烁,AW line4 blink,,,,,,
CR4601,,AW用户信息1,AW user message1,,,,,,
CR4602,,AW用户信息2,AW user message2,,,,,,
CR4603,,AW用户信息3,AW user message3,,,,,,
CR4604,,AW用户信息4,AW user message4,,,,,,
CR4605,,AW用户信息5,AW user message5,,,,,,
CR4606,,AW用户信息6,AW user message6,,,,,,
CR4607,,AW用户信息7,AW user message7,,,,,,
CR4608,,AW用户信息8,AW user message8,,,,,,
CR4609,,AW用户信息9,AW user message9,,,,,,
CR4610,,AW用户信息10,AW user message10,,,,,,
CR4611,,AW用户信息11,AW user message11,,,,,,
CR4612,,AW用户信息12,AW user message12,,,,,,
CR4613,,AW用户信息13,AW user message13,,,,,,
CR4614,,AW用户信息14,AW user message14,,,,,,
CR4615,,AW用户信息15,AW user message15,,,,,,
CR4700,,AW用户信息16,AW user message16,,,,,,
CR4701,,AW用户信息17,AW user message17,,,,,,
CR4702,,AW用户信息18,AW user message18,,,,,,
CR4703,,AW用户信息19,AW user message19,,,,,,
CR4704,,AW用户信息20,AW user message20,,,,,,
CR4705,,AW用户信息21,AW user message21,,,,,,
CR4706,,AW用户信息22,AW user message22,,,,,,
CR4707,,AW用户信息23,AW user message23,,,,,,
CR4708,,AW用户信息24,AW user message24,,,,,,
CR4709,,AW用户信息25,AW user message25,,,,,,
CR4710,,AW用户信息26,AW user message26,,,,,,
CR4711,,AW用户信息27,AW user message27,,,,,,
CR4712,,AW用户信息28,AW user message28,,,,,,
CR4713,,AW用户信息29,AW user message29,,,,,,
CR4714,,AW用户信息30,AW user message30,,,,,,
CR4715,,AW用户信息31,AW user message31,,,,,,
CR4800,,AW用户信息32,AW user message32,,,,,,
CR4801,,AW用户信息33,AW user message33,,,,,,
CR4802,,AW用户信息34,AW user message34,,,,,,
CR4803,,AW用户信息35,AW user message35,,,,,,
CR4804,,AW用户信息36,AW user message36,,,,,,
CR4805,,AW用户信息37,AW user message37,,,,,,
CR4806,,AW用户信息38,AW user message38,,,,,,
CR4807,,AW用户信息39,AW user message39,,,,,,
CR4808,,AW用户信息40,AW user message40,,,,,,
CR4809,,AW用户信息41,AW user message41,,,,,,
CR4810,,AW用户信息42,AW user message42,,,,,,
CR4811,,AW用户信息43,AW user message43,,,,,,
CR4812,,AW用户信息44,AW user message44,,,,,,
CR4813,,AW用户信息45,AW user message45,,,,,,
CR4814,,AW用户信息46,AW user message46,,,,,,
CR4815,,AW用户信息47,AW user message47,,,,,,
CR4900,,AW用户信息48,AW user message48,,,,,,
CR4901,,AW用户信息49,AW user message49,,,,,,
CR4902,,AW用户信息50,AW user message50,,,,,,
CR4903,,AW用户信息51,AW user message51,,,,,,
CR4904,,AW用户信息52,AW user message52,,,,,,
CR4905,,AW用户信息53,AW user message53,,,,,,
CR4906,,AW用户信息54,AW user message54,,,,,,
CR4907,,AW用户信息55,AW user message55,,,,,,
CR4908,,AW用户信息56,AW user message56,,,,,,
CR4909,,AW用户信息57,AW user message57,,,,,,
CR4910,,AW用户信息58,AW user message58,,,,,,
CR4911,,AW用户信息59,AW user message59,,,,,,
CR4912,,AW用户信息60,AW user message60,,,,,,
CR4913,,AW用户信息61,AW user message61,,,,,,
CR4914,,AW用户信息62,AW user message62,,,,,,
CR4915,,AW用户信息63,AW user message63,,,,,,
CR5400,,存储卡挂载请求,Memory Card mount request,,,,,,
CR5401,,存储卡取消挂载请求,Memory Card Unmount request,,,,,,
CR5402,,存储卡正在使用,Memory Card in use,,,,,,
CR5403,,存储卡识别结束,Memory Card recog end,,,,,,
CR5404,,有存储卡,Memory Card present,,,,,,
CR5405,,存储卡写保护,Mem Card write-protected,,,,,,
CR5408,,CPU存储器挂载请求,CPU Memory mount request,,,,,,
CR5409,,CPU存储器取消挂载请求,CPU Memory Unmount request,,,,,,
CR5410,,CPU存储器正在使用,CPU Memory in use,,,,,,
CR5411,,CPU存储器识别结束,CPU Memory recog end,,,,,,
CR5500,,项目加载执行请求,Project load request,,,,,,
CR5502,,项目保存执行请求,Project save request,,,,,,
CR5504,,项目加载执行完成,Project load completed,,,,,,
CR5505,,项目加载执行失败,Project load failed,,,,,,
CR5506,,项目保存执行完成,Project save completed,,,,,,
CR5507,,项目保存执行失败,Project save failed,,,,,,
,,,,,,,,,
DM100,,载板坐标_XL0,,,,,,,
DM101,,载板坐标_XH0,,,,,,,
DM102,,载板坐标_XL1,,,,,,,
DM103,,载板坐标_XH1,,,,,,,
DM104,,载板坐标_XL2,,,,,,,
DM105,,载板坐标_XH2,,,,,,,
DM106,,载板坐标_XL3,,,,,,,
DM107,,载板坐标_XH3,,,,,,,
DM108,,载板坐标_XL4,,,,,,,
DM109,,载板坐标_XH4,,,,,,,
DM110,,载板坐标_XL5,,,,,,,
DM111,,载板坐标_XH5,,,,,,,
DM112,,载板坐标_XL6,,,,,,,
DM113,,载板坐标_XH6,,,,,,,
DM114,,载板坐标_XL7,,,,,,,
DM115,,载板坐标_XH7,,,,,,,
DM116,,载板坐标_XL8,,,,,,,
DM117,,载板坐标_XH8,,,,,,,
DM118,,载板坐标_XL9,,,,,,,
DM119,,载板坐标_XH9,,,,,,,
DM120,,载板坐标_XL10,,,,,,,
DM121,,载板坐标_XH10,,,,,,,
DM122,,载板坐标_XL11,,,,,,,
DM123,,载板坐标_XH11,,,,,,,
DM124,,载板坐标_XL12,,,,,,,
DM125,,载板坐标_XH12,,,,,,,
DM126,,载板坐标_XL13,,,,,,,
DM127,,载板坐标_XH13,,,,,,,
DM128,,载板坐标_XL14,,,,,,,
DM129,,载板坐标_XH14,,,,,,,
DM130,,载板坐标_XL15,,,,,,,
DM131,,载板坐标_XH15,,,,,,,
,,,,,,,,,
DM150,,载板坐标_YL0,,,,,,,
DM151,,载板坐标_YH0,,,,,,,
DM152,,载板坐标_YL1,,,,,,,
DM153,,载板坐标_YH1,,,,,,,
DM154,,载板坐标_YL2,,,,,,,
DM155,,载板坐标_YH2,,,,,,,
DM156,,载板坐标_YL3,,,,,,,
DM157,,载板坐标_YH3,,,,,,,
DM158,,载板坐标_YL4,,,,,,,
DM159,,载板坐标_YH4,,,,,,,
DM160,,载板坐标_YL5,,,,,,,
DM161,,载板坐标_YH5,,,,,,,
DM162,,载板坐标_YL6,,,,,,,
DM163,,载板坐标_YH6,,,,,,,
DM164,,载板坐标_YL7,,,,,,,
DM165,,载板坐标_YH7,,,,,,,
DM166,,载板坐标_YL8,,,,,,,
DM167,,载板坐标_YH8,,,,,,,
DM168,,载板坐标_YL9,,,,,,,
DM169,,载板坐标_YH9,,,,,,,
DM170,,载板坐标_YL10,,,,,,,
DM171,,载板坐标_YH10,,,,,,,
DM172,,载板坐标_YL11,,,,,,,
DM173,,载板坐标_YH11,,,,,,,
DM174,,载板坐标_YL12,,,,,,,
DM175,,载板坐标_YH12,,,,,,,
DM176,,载板坐标_YL13,,,,,,,
DM177,,载板坐标_YH13,,,,,,,
DM178,,载板坐标_YL14,,,,,,,
DM179,,载板坐标_YH14,,,,,,,
DM180,,载板坐标_YL15,,,,,,,
DM181,,载板坐标_YH15,,,,,,,
,,,,,,,,,
DM200,,光纤水平间距_L0,,,,,,,
DM201,,光纤水平间距_H0,,,,,,,
DM202,,光纤水平间距_L1,,,,,,,
DM203,,光纤水平间距_H1,,,,,,,
DM204,,光纤水平间距_L2,,,,,,,
DM205,,光纤水平间距_H2,,,,,,,
DM206,,光纤水平间距_L3,,,,,,,
DM207,,光纤水平间距_H3,,,,,,,
DM208,,光纤水平间距_L4,,,,,,,
DM209,,光纤水平间距_H4,,,,,,,
DM210,,光纤水平间距_L5,,,,,,,
DM211,,光纤水平间距_H5,,,,,,,
DM212,,光纤水平间距_L6,,,,,,,
DM213,,光纤水平间距_H6,,,,,,,
DM214,,光纤水平间距_L7,,,,,,,
DM215,,光纤水平间距_H7,,,,,,,
DM216,,光纤水平间距_L8,,,,,,,
DM217,,光纤水平间距_H8,,,,,,,
DM218,,光纤水平间距_L9,,,,,,,
DM219,,光纤水平间距_H9,,,,,,,
DM220,,光纤水平间距_L10,,,,,,,
DM221,,光纤水平间距_H10,,,,,,,
DM222,,光纤水平间距_L11,,,,,,,
DM223,,光纤水平间距_H11,,,,,,,
,,,,,,,,,
DM250,,预留长度_L0,,,,,,,
DM251,,预留长度_H0,,,,,,,
DM252,,预留长度_L1,,,,,,,
DM253,,预留长度_H1,,,,,,,
DM254,,预留长度_L2,,,,,,,
DM255,,预留长度_H2,,,,,,,
DM256,,预留长度_L3,,,,,,,
DM257,,预留长度_H3,,,,,,,
DM258,,预留长度_L4,,,,,,,
DM259,,预留长度_H4,,,,,,,
DM260,,预留长度_L5,,,,,,,
DM261,,预留长度_H5,,,,,,,
DM262,,预留长度_L6,,,,,,,
DM263,,预留长度_H6,,,,,,,
DM264,,预留长度_L7,,,,,,,
DM265,,预留长度_H7,,,,,,,
DM266,,预留长度_L8,,,,,,,
DM267,,预留长度_H8,,,,,,,
DM268,,预留长度_L9,,,,,,,
DM269,,预留长度_H9,,,,,,,
DM270,,预留长度_L10,,,,,,,
DM271,,预留长度_H10,,,,,,,
DM272,,预留长度_L11,,,,,,,
DM273,,预留长度_H11,,,,,,,
,,,,,,,,,
DM300,,激光功率第一次,,,,,,,
DM301,,激光脉宽第一次,,,,,,,
DM302,,激光频率第一次,,,,,,,
DM303,,激光脉冲数第一次,,,,,,,
DM310,,激光功率第二次,,,,,,,
DM311,,激光脉宽第二次,,,,,,,
DM312,,激光频率第二次,,,,,,,
DM313,,激光脉冲数第二次,,,,,,,
,,,,,,,,,
DM10000,,发送次数 L,,,,,,,
DM10001,,发送次数 H,,,,,,,
DM10002,,接收次数 L,,,,,,,
DM10003,,接收次数 H,,,,,,,
DM10004,,上次时钟调整时间(yymm),,,,,,,
DM10005,,上次时钟调整时间(ddhh),,,,,,,
DM10006,,上次时钟调整时间(mmss),,,,,,,
DM10007,,时钟调整完成代码,,,,,,,
DM10008,,套接字使用情况(KVS),,,,,,,
DM10009,,套接字使用状况(上位链路),,,,,,,
DM10011,,套接字使用情况(FTP服务器),,,,,,,
DM10013,,MAC 地址,,,,,,,
DM10014,,MAC 地址,,,,,,,
DM10015,,MAC 地址,,,,,,,
DM10020,,错误代码,,,,,,,
DM10021,,具体错误代码,,,,,,,
DM10022,,错误节点地址,,,,,,,
DM10023,,错误插槽编号,,,,,,,
DM10024,,错误连接编号,,,,,,,
DM10025,,错误供应商ID,,,,,,,
DM10026,,隐式 正常节点表 001-016,,,,,,,
DM10027,,隐式 正常节点表 017-032,,,,,,,
DM10028,,隐式 正常节点表033-048,,,,,,,
DM10029,,隐式 正常节点表 049-064,,,,,,,
DM10030,,隐式 正常节点表065-080,,,,,,,
DM10031,,隐式 正常节点表 081-096,,,,,,,
DM10032,,隐式 正常节点表 097-112,,,,,,,
DM10033,,隐式 正常节点表 113-128,,,,,,,
DM10034,,隐式 正常节点表 129-144,,,,,,,
DM10035,,隐式 正常节点表 145-160,,,,,,,
DM10036,,隐式 正常节点表 161-176,,,,,,,
DM10037,,隐式 正常节点表 177-192,,,,,,,
DM10038,,隐式 正常节点表 193-208,,,,,,,
DM10039,,隐式 正常节点表 209-224,,,,,,,
DM10040,,隐式 正常节点表 225-240,,,,,,,
DM10041,,隐式 正常节点表 241-256,,,,,,,
DM10042,,隐式 停止节点表 001-016,,,,,,,
DM10043,,隐式 停止节点表 017-032,,,,,,,
DM10044,,隐式 停止节点表 033-048,,,,,,,
DM10045,,隐式 停止节点表 049-064,,,,,,,
DM10046,,隐式 停止节点表065-080,,,,,,,
DM10047,,隐式 停止节点表 081-096,,,,,,,
DM10048,,隐式 停止节点表 097-112,,,,,,,
DM10049,,隐式 停止节点表 113-128,,,,,,,
DM10050,,隐式 停止节点表 129-144,,,,,,,
DM10051,,隐式 停止节点表 145-160,,,,,,,
DM10052,,隐式 停止节点表 161-176,,,,,,,
DM10053,,隐式 停止节点表 177-192,,,,,,,
DM10054,,隐式 停止节点表 193-208,,,,,,,
DM10055,,隐式 停止节点表 209-224,,,,,,,
DM10056,,隐式 停止节点表 225-240,,,,,,,
DM10057,,隐式 停止节点表 241-256,,,,,,,
DM10058,,适配器错误表 001-016,,,,,,,
DM10059,,适配器错误表 017-032,,,,,,,
DM10060,,适配器错误表 033-048,,,,,,,
DM10061,,适配器错误表 049-064,,,,,,,
DM10062,,适配器错误表 065-080,,,,,,,
DM10063,,适配器错误表 081-096,,,,,,,
DM10064,,适配器错误表 097-112,,,,,,,
DM10065,,适配器错误表 113-128,,,,,,,
DM10066,,适配器错误表 129-144,,,,,,,
DM10067,,适配器错误表 145-160,,,,,,,
DM10068,,适配器错误表 161-176,,,,,,,
DM10069,,适配器错误表 177-192,,,,,,,
DM10070,,适配器错误表 193-208,,,,,,,
DM10071,,适配器错误表 209-224,,,,,,,
DM10072,,适配器错误表 225-240,,,,,,,
DM10073,,适配器错误表 241-256,,,,,,,
DM10074,,适配器警告表 001-016,,,,,,,
DM10075,,适配器警告表 017-032,,,,,,,
DM10076,,适配器警告表 033-048,,,,,,,
DM10077,,适配器警告表 049-064,,,,,,,
DM10078,,适配器警告表 065-080,,,,,,,
DM10079,,适配器警告表 081-096,,,,,,,
DM10080,,适配器警告表 097-112,,,,,,,
DM10081,,适配器警告表 113-128,,,,,,,
DM10082,,适配器警告表 129-144,,,,,,,
DM10083,,适配器警告表 145-160,,,,,,,
DM10084,,适配器警告表 161-176,,,,,,,
DM10085,,适配器警告表 177-192,,,,,,,
DM10086,,适配器警告表 193-208,,,,,,,
DM10087,,适配器警告表 209-224,,,,,,,
DM10088,,适配器警告表 225-240,,,,,,,
DM10089,,适配器警告表 241-256,,,,,,,
DM10090,,PLC状态,,,,,,,
DM10091,,PLC错误编号,,,,,,,
DM10100,,备份/恢复执行文件编号,,,,,,,
DM10102,,批量备份完成代码,,,,,,,
DM10103,,批量备份详细完成代码,,,,,,,
DM10104,,批量备份出错节点地址,,,,,,,
DM10105,,批量备份出错插槽编号,,,,,,,
DM10106,,批量备份出错参数编号 L,,,,,,,
DM10107,,批量备份出错参数编号 H,,,,,,,
DM10108,,批量恢复完成代码,,,,,,,
DM10109,,批量恢复完成详细代码,,,,,,,
DM10110,,批量恢复错误发生节点地址,,,,,,,
DM10111,,批量恢复错误发生插槽号码,,,,,,,
DM10112,,批量恢复出错参数编号 L,,,,,,,
DM10113,,批量恢复出错参数编号 H,,,,,,,
DM10114,,分别备份执行节点地址,,,,,,,
DM10115,,分别备份执行插槽编号,,,,,,,
DM10116,,分别备份完成代码,,,,,,,
DM10117,,分别备份详细完成代码,,,,,,,
DM10118,,分别备份出错参数编号 L,,,,,,,
DM10119,,分别备份出错参数编号 H,,,,,,,
DM10120,,分别恢复执行节点地址,,,,,,,
DM10121,,分别恢复执行插槽编号,,,,,,,
DM10122,,分别恢复完成代码,,,,,,,
DM10123,,分别恢复详细完成代码,,,,,,,
DM10124,,分别恢复出错参数编号 L,,,,,,,
DM10125,,分别恢复出错参数编号 H,,,,,,,
DM10126,,批量传输0设定编号,,,,,,,
DM10127,,批量传输1设定编号,,,,,,,
DM10128,,批量传输2设定编号,,,,,,,
DM10129,,批量传输3设定编号,,,,,,,
DM10130,,批量传输4设定编号,,,,,,,
DM10131,,批量传输5设定编号,,,,,,,
DM10132,,批量传输6设定编号,,,,,,,
DM10133,,批量传输7设定编号,,,,,,,
DM10134,,批量传输0读取完成代码,,,,,,,
DM10135,,批量传输0读取详细完成代码,,,,,,,
DM10136,,批量传输0读取出错节点地址,,,,,,,
DM10137,,批量传输0读取出错插槽编号,,,,,,,
DM10138,,批量传输0读取出错参数编号 L,,,,,,,
DM10139,,批量传输0读取出错参数编号 H,,,,,,,
DM10140,,批量传输0写入完成代码,,,,,,,
DM10141,,批量传输0写入详细完成代码,,,,,,,
DM10142,,批量传输0写入出错节点地址,,,,,,,
DM10143,,批量传输0写入出错插槽编号,,,,,,,
DM10144,,批量传输0写入出错参数编号 L,,,,,,,
DM10145,,批量传输0写入出错参数编号 H,,,,,,,
DM10146,,批量传输1读取完成代码,,,,,,,
DM10147,,批量传输1读取详细完成代码,,,,,,,
DM10148,,批量传输1读取出错节点地址,,,,,,,
DM10149,,批量传输1读取出错插槽编号,,,,,,,
DM10150,,批量传输1读取出错参数编号 L,,,,,,,
DM10151,,批量传输1读取出错参数编号 H,,,,,,,
DM10152,,批量传输1写入完成代码,,,,,,,
DM10153,,批量传输1写入详细完成代码,,,,,,,
DM10154,,批量传输1写入出错节点地址,,,,,,,
DM10155,,批量传输1写入出错插槽编号,,,,,,,
DM10156,,批量传输1写入出错参数编号 L,,,,,,,
DM10157,,批量传输1写入出错参数编号 H,,,,,,,
DM10158,,批量传输2读取完成代码,,,,,,,
DM10159,,批量传输2读取详细完成代码,,,,,,,
DM10160,,批量传输2读取出错节点地址,,,,,,,
DM10161,,批量传输2读取出错插槽编号,,,,,,,
DM10162,,批量传输2读取出错参数编号 L,,,,,,,
DM10163,,批量传输2读取出错参数编号 H,,,,,,,
DM10164,,批量传输2写入完成代码,,,,,,,
DM10165,,批量传输2写入详细完成代码,,,,,,,
DM10166,,批量传输2写入出错节点地址,,,,,,,
DM10167,,批量传输2写入出错插槽编号,,,,,,,
DM10168,,批量传输2写入出错参数编号 L,,,,,,,
DM10169,,批量传输2写入出错参数编号 H,,,,,,,
DM10170,,批量传输3读取完成代码,,,,,,,
DM10171,,批量传输3读取详细完成代码,,,,,,,
DM10172,,批量传输3读取出错节点地址,,,,,,,
DM10173,,批量传输3读取出错插槽编号,,,,,,,
DM10174,,批量传输3读取出错参数编号 L,,,,,,,
DM10175,,批量传输3读取出错参数编号 H,,,,,,,
DM10176,,批量传输3写入完成代码,,,,,,,
DM10177,,批量传输3写入详细完成代码,,,,,,,
DM10178,,批量传输3写入出错节点地址,,,,,,,
DM10179,,批量传输3写入出错插槽编号,,,,,,,
DM10180,,批量传输3写入出错参数编号 L,,,,,,,
DM10181,,批量传输3写入出错参数编号 H,,,,,,,
DM10182,,批量传输4读取完成代码,,,,,,,
DM10183,,批量传输4读取详细完成代码,,,,,,,
DM10184,,批量传输4读取出错节点地址,,,,,,,
DM10185,,批量传输4读取出错插槽编号,,,,,,,
DM10186,,批量传输4读取出错参数编号 L,,,,,,,
DM10187,,批量传输4读取出错参数编号 H,,,,,,,
DM10188,,批量传输4写入完成代码,,,,,,,
DM10189,,批量传输4写入详细完成代码,,,,,,,
DM10190,,批量传输4写入出错节点地址,,,,,,,
DM10191,,批量传输4写入出错插槽编号,,,,,,,
DM10192,,批量传输4写入出错参数编号 L,,,,,,,
DM10193,,批量传输4写入出错参数编号 H,,,,,,,
DM10194,,批量传输5读取完成代码,,,,,,,
DM10195,,批量传输5读取详细完成代码,,,,,,,
DM10196,,批量传输5读取出错节点地址,,,,,,,
DM10197,,批量传输5读取出错插槽编号,,,,,,,
DM10198,,批量传输5读取出错参数编号 L,,,,,,,
DM10199,,批量传输5读取出错参数编号 H,,,,,,,
DM10200,,批量传输5写入完成代码,,,,,,,
DM10201,,批量传输5写入详细完成代码,,,,,,,
DM10202,,批量传输5写入出错节点地址,,,,,,,
DM10203,,批量传输5写入出错插槽编号,,,,,,,
DM10204,,批量传输5写入出错参数编号 L,,,,,,,
DM10205,,批量传输5写入出错参数编号 H,,,,,,,
DM10206,,批量传输6读取完成代码,,,,,,,
DM10207,,批量传输6读取详细完成代码,,,,,,,
DM10208,,批量传输6读取出错节点地址,,,,,,,
DM10209,,批量传输6读取出错插槽编号,,,,,,,
DM10210,,批量传输6读取出错参数编号 L,,,,,,,
DM10211,,批量传输6读取出错参数编号 H,,,,,,,
DM10212,,批量传输6写入完成代码,,,,,,,
DM10213,,批量传输6写入详细完成代码,,,,,,,
DM10214,,批量传输6写入出错节点地址,,,,,,,
DM10215,,批量传输6写入出错插槽编号,,,,,,,
DM10216,,批量传输6写入出错参数编号 L,,,,,,,
DM10217,,批量传输6写入出错参数编号 H,,,,,,,
DM10218,,批量传输7读取完成代码,,,,,,,
DM10219,,批量传输7读取详细完成代码,,,,,,,
DM10220,,批量传输7读取出错节点地址,,,,,,,
DM10221,,批量传输7读取出错插槽编号,,,,,,,
DM10222,,批量传输7读取出错参数编号 L,,,,,,,
DM10223,,批量传输7读取出错参数编号 H,,,,,,,
DM10224,,批量传输7写入完成代码,,,,,,,
DM10225,,批量传输7写入详细完成代码,,,,,,,
DM10226,,批量传输7写入出错节点地址,,,,,,,
DM10227,,批量传输7写入出错插槽编号,,,,,,,
DM10228,,批量传输7写入出错参数编号 L,,,,,,,
DM10229,,批量传输7写入出错参数编号 H,,,,,,,
DM10300,,单元错误代码,,,,,,,
DM10301,,单元错误详细1,,,,,,,
DM10302,,单元错误详细2,,,,,,,
DM10400,,ch0 计数当前值L,,,,,,,
DM10401,,ch0 计数当前值H,,,,,,,
DM10402,,ch0 输入捕获0当前值L,,,,,,,
DM10403,,ch0 输入捕获0当前值H,,,,,,,
DM10404,,ch0 输入捕获1当前值L,,,,,,,
DM10405,,ch0 输入捕获1当前值H,,,,,,,
DM10406,,ch0 频率计数器测量结果L,,,,,,,
DM10407,,ch0 频率计数器测量结果H,,,,,,,
DM10408,,ch0 转速测量结果L,,,,,,,
DM10409,,ch0 转速测量结果H,,,,,,,
DM10414,,ch1 计数当前值L,,,,,,,
DM10415,,ch1 计数当前值H,,,,,,,
DM10416,,ch1 输入捕获0当前值L,,,,,,,
DM10417,,ch1 输入捕获0当前值H,,,,,,,
DM10418,,ch1 输入捕获1当前值L,,,,,,,
DM10419,,ch1 输入捕获1当前值H,,,,,,,
DM10420,,ch1 频率计数器测量结果L,,,,,,,
DM10421,,ch1 频率计数器测量结果H,,,,,,,
DM10422,,ch1 转速测量结果L,,,,,,,
DM10423,,ch1 转速测量结果H,,,,,,,
DM10428,,SSC02 错误代码,,,,,,,
DM10430,,ch0 当前值更改值L,,,,,,,
DM10431,,ch0 当前值更改值H,,,,,,,
DM10432,,ch0 预置设定值L,,,,,,,
DM10433,,ch0 预置设定值H,,,,,,,
DM10434,,ch0 比较器0设定值L,,,,,,,
DM10435,,ch0 比较器0设定值H,,,,,,,
DM10436,,ch0 比较器1设定值L,,,,,,,
DM10437,,ch0 比较器1设定值H,,,,,,,
DM10438,,ch0 输入捕获0运行设定,,,,,,,
DM10439,,ch0 输入捕获1运行设定,,,,,,,
DM10440,,ch0 环形计数器上限设定值L,,,,,,,
DM10441,,ch0 环形计数器上限设定值H,,,,,,,
DM10442,,ch0 环形计数器下限设定值L,,,,,,,
DM10443,,ch0 环形计数器下限设定值H,,,,,,,
DM10444,,ch0 计数设定时间,,,,,,,
DM10445,,ch0 平均处理次数,,,,,,,
DM10446,,ch0 最短采样时间,,,,,,,
DM10447,,ch0 转速计每转脉冲数设定,,,,,,,
DM10450,,ch1 当前值更改值L,,,,,,,
DM10451,,ch1 当前值更改值H,,,,,,,
DM10452,,ch1 预置设定值L,,,,,,,
DM10453,,ch1 预置设定值H,,,,,,,
DM10454,,ch1 比较器0设定值L,,,,,,,
DM10455,,ch1 比较器0设定值H,,,,,,,
DM10456,,ch1 比较器1设定值L,,,,,,,
DM10457,,ch1 比较器1设定值H,,,,,,,
DM10458,,ch1 输入捕获0运行设定,,,,,,,
DM10459,,ch1 输入捕获1运行设定,,,,,,,
DM10460,,ch1 环形计数器上限设定值L,,,,,,,
DM10461,,ch1 环形计数器上限设定值H,,,,,,,
DM10462,,ch1 环形计数器下限设定值L,,,,,,,
DM10463,,ch1 环形计数器下限设定值H,,,,,,,
DM10464,,ch1 计数设定时间,,,,,,,
DM10465,,ch1 平均处理次数,,,,,,,
DM10466,,ch1 最短采样时间,,,,,,,
DM10467,,ch1 转速计每转脉冲数设定,,,,,,,
DM10500,,错误代码,,,,,,,
DM10501,,错误详细信息1,,,,,,,
DM10502,,错误详细信息2,,,,,,,
CM700,,日历定时器(年),Calendar timer (Y),,,,,,
CM701,,日历定时器(月),Calendar timer (M),,,,,,
CM702,,日历定时器(日),Calendar timer (D),,,,,,
CM703,,日历定时器(时),Calendar timer (H),,,,,,
CM704,,日历定时器(分),Calendar timer (Mn),,,,,,
CM705,,日历定时器(秒),Calendar timer (S),,,,,,
CM706,,日历定时器(星期),Calendar timer (Dy),,,,,,
CM710,,文件寄存器当前组,file rgst crnt bank,,,,,,
CM712,,梯形图运算错误 详细信息,Ladder calc error detail,,,,,,
CM900,,CPU 功能版本,CPU function version,,,,,,
CM907,,项目版本,Project version,,,,,,
CM1000,,扫描时间测量值,Scan time meas val,,,,,,
CM1001,,扫描时间测量值,Scan time meas val,,,,,,
CM1002,,END 处理时间测定值,END process time measured value,,,,,,
CM1003,,END 处理时间测定值,END process time measured value,,,,,,
CM1004,,扫描时间最小值,Scan time min,,,,,,
CM1005,,扫描时间最小值,Scan time min,,,,,,
CM1006,,扫描时间最大值,Scan time max,,,,,,
CM1007,,扫描时间最大值,Scan time max,,,,,,
CM1008,,恒定扫描时间运转设定值,Fix scan time op set val,,,,,,
CM1009,,恒定扫描时间运转设定值,Fix scan time op set val,,,,,,
CM1010,,END 处理时间设定值,END process time set value,,,,,,
CM1011,,END 处理时间设定值,END process time set value,,,,,,
CM1012,,恒定扫描时间运转超过值,Fix scan time op ovr val,,,,,,
CM1013,,恒定扫描时间运转超过值,Fix scan time op ovr val,,,,,,
CM1014,,END 处理时间超过值,END process time exceeded value,,,,,,
CM1015,,END 处理时间超过值,END process time exceeded value,,,,,,
CM1030,,自由运行计数器(1ms),Free run counter(1ms),,,,,,
CM1031,,自由运行计数器(1ms),Free run counter(1ms),,,,,,
CM1032,,自由运行计数器(10us),Free run counter(10us),,,,,,
CM1033,,自由运行计数器(10us),Free run counter(10us),,,,,,
CM1034,,自由运行计数器(1us),Free run counter(1us),,,,,,
CM1035,,自由运行计数器(1us),Free run counter(1us),,,,,,
CM1036,,自由运行计数器(0.1us),Free run counter(0.1us),,,,,,
CM1037,,自由运行计数器(0.1us),Free run counter(0.1us),,,,,,
CM1500,,记录/跟踪0 文件保存计数器,Log/Trace0 file saving counter,,,,,,
CM1501,,记录/跟踪1 文件保存计数器,Log/Trace1 file saving counter,,,,,,
CM1502,,记录/跟踪2 文件保存计数器,Log/Trace2 file saving counter,,,,,,
CM1503,,记录/跟踪3 文件保存计数器,Log/Trace3 file saving counter,,,,,,
CM1504,,记录/跟踪4 文件保存计数器,Log/Trace4 file saving counter,,,,,,
CM1505,,记录/跟踪5 文件保存计数器,Log/Trace5 file saving counter,,,,,,
CM1506,,记录/跟踪6 文件保存计数器,Log/Trace6 file saving counter,,,,,,
CM1507,,记录/跟踪7 文件保存计数器,Log/Trace7 file saving counter,,,,,,
CM1508,,记录/跟踪8 文件保存计数器,Log/Trace8 file saving counter,,,,,,
CM1509,,记录/跟踪9 文件保存计数器,Log/Trace9 file saving counter,,,,,,
CM1630,,记录/跟踪0 缓存剩余空间最小值,Log/Trace0 buff free space min,,,,,,
CM1631,,记录/跟踪1 缓存剩余空间最小值,Log/Trace1 buff free space min,,,,,,
CM1632,,记录/跟踪2 缓存剩余空间最小值,Log/Trace2 buff free space min,,,,,,
CM1633,,记录/跟踪3 缓存剩余空间最小值,Log/Trace3 buff free space min,,,,,,
CM1634,,记录/跟踪4 缓存剩余空间最小值,Log/Trace4 buff free space min,,,,,,
CM1635,,记录/跟踪5 缓存剩余空间最小值,Log/Trace5 buff free space min,,,,,,
CM1636,,记录/跟踪6 缓存剩余空间最小值,Log/Trace6 buff free space min,,,,,,
CM1637,,记录/跟踪7 缓存剩余空间最小值,Log/Trace7 buff free space min,,,,,,
CM1638,,记录/跟踪8 缓存剩余空间最小值,Log/Trace8 buff free space min,,,,,,
CM1639,,记录/跟踪9 缓存剩余空间最小值,Log/Trace9 buff free space min,,,,,,
CM1650,,传感器设定命令执行数,Sensor settings execution count,,,,,,
CM1658,,项目密码连续认证失败次数,Prjt pswd cont auth failure cnt,,,,,,
CM1659,,项目密码累计认证失败次数,Prjt pswd accum auth failure cnt,,,,,,
CM1660,,记录/跟踪0 环形缓存剩余空间,Log/Trace0 loop buff free space,,,,,,
CM1661,,记录/跟踪1 环形缓存剩余空间,Log/Trace1 loop buff free space,,,,,,
CM1662,,记录/跟踪2 环形缓存剩余空间,Log/Trace2 loop buff free space,,,,,,
CM1663,,记录/跟踪3 环形缓存剩余空间,Log/Trace3 loop buff free space,,,,,,
CM1664,,记录/跟踪4 环形缓存剩余空间,Log/Trace4 loop buff free space,,,,,,
CM1665,,记录/跟踪5 环形缓存剩余空间,Log/Trace5 loop buff free space,,,,,,
CM1666,,记录/跟踪6 环形缓存剩余空间,Log/Trace6 loop buff free space,,,,,,
CM1667,,记录/跟踪7 环形缓存剩余空间,Log/Trace7 loop buff free space,,,,,,
CM1668,,记录/跟踪8 环形缓存剩余空间,Log/Trace8 loop buff free space,,,,,,
CM1669,,记录/跟踪9 环形缓存剩余空间,Log/Trace9 loop buff free space,,,,,,
CM1680,,记录/跟踪0 文件保存计数器,Log/Trace0 file saving counter,,,,,,
CM1681,,记录/跟踪1 文件保存计数器,Log/Trace1 file saving counter,,,,,,
CM1682,,记录/跟踪2 文件保存计数器,Log/Trace2 file saving counter,,,,,,
CM1683,,记录/跟踪3 文件保存计数器,Log/Trace3 file saving counter,,,,,,
CM1684,,记录/跟踪4 文件保存计数器,Log/Trace4 file saving counter,,,,,,
CM1685,,记录/跟踪5 文件保存计数器,Log/Trace5 file saving counter,,,,,,
CM1686,,记录/跟踪6 文件保存计数器,Log/Trace6 file saving counter,,,,,,
CM1687,,记录/跟踪7 文件保存计数器,Log/Trace7 file saving counter,,,,,,
CM1688,,记录/跟踪8 文件保存计数器,Log/Trace8 file saving counter,,,,,,
CM1689,,记录/跟踪9 文件保存计数器,Log/Trace9 file saving counter,,,,,,
CM1700,,数字微调器0上限值,Dgtl trmr 0 up lim val,,,,,,
CM1701,,数字微调器0上限值,Dgtl trmr 0 up lim val,,,,,,
CM1702,,数字微调器1上限值,Dgtl trmr 1 up lim val,,,,,,
CM1703,,数字微调器1上限值,Dgtl trmr 1 up lim val,,,,,,
CM1704,,数字微调器2上限值,Dgtl trmr 2 up lim val,,,,,,
CM1705,,数字微调器2上限值,Dgtl trmr 2 up lim val,,,,,,
CM1706,,数字微调器3上限值,Dgtl trmr 3 up lim val,,,,,,
CM1707,,数字微调器3上限值,Dgtl trmr 3 up lim val,,,,,,
CM1708,,数字微调器4上限值,Dgtl trmr 4 up lim val,,,,,,
CM1709,,数字微调器4上限值,Dgtl trmr 4 up lim val,,,,,,
CM1710,,数字微调器5上限值,Dgtl trmr 5 up lim val,,,,,,
CM1711,,数字微调器5上限值,Dgtl trmr 5 up lim val,,,,,,
CM1712,,数字微调器6上限值,Dgtl trmr 6 up lim val,,,,,,
CM1713,,数字微调器6上限值,Dgtl trmr 6 up lim val,,,,,,
CM1714,,数字微调器7上限值,Dgtl trmr 7 up lim val,,,,,,
CM1715,,数字微调器7上限值,Dgtl trmr 7 up lim val,,,,,,
CM1720,,AW用户信息显示ID,AW user msg display ID,,,,,,
CM1736,,AW初步显示语言设定,AW initial disp. lang. setting,,,,,,
CM1737,,AW初i注释编号设定,AW initial comment No. setting,,,,,,
CM1738,,访问窗操作去能设定,Access window oper dis,,,,,,
CM1740,,梯形图工程项目名,Ladder project name,,,,,,
CM1741,,梯形图工程项目名,Ladder project name,,,,,,
CM1742,,梯形图工程项目名,Ladder project name,,,,,,
CM1743,,梯形图工程项目名,Ladder project name,,,,,,
CM1744,,梯形图工程项目名,Ladder project name,,,,,,
CM1745,,梯形图工程项目名,Ladder project name,,,,,,
CM1746,,梯形图工程项目名,Ladder project name,,,,,,
CM1747,,梯形图工程项目名,Ladder project name,,,,,,
CM1748,,梯形图工程项目名,Ladder project name,,,,,,
CM1749,,梯形图工程项目名,Ladder project name,,,,,,
CM1750,,梯形图工程项目名,Ladder project name,,,,,,
CM1751,,梯形图工程项目名,Ladder project name,,,,,,
CM1752,,梯形图工程项目名,Ladder project name,,,,,,
CM1753,,梯形图工程项目名,Ladder project name,,,,,,
CM1754,,梯形图工程项目名,Ladder project name,,,,,,
CM1755,,梯形图工程项目名,Ladder project name,,,,,,
CM1756,,梯形图工程项目名,Ladder project name,,,,,,
CM1757,,梯形图工程项目名,Ladder project name,,,,,,
CM1758,,梯形图工程项目名,Ladder project name,,,,,,
CM1759,,梯形图工程项目名,Ladder project name,,,,,,
CM1760,,梯形图工程项目名,Ladder project name,,,,,,
CM1761,,梯形图工程项目名,Ladder project name,,,,,,
CM1762,,梯形图工程项目名,Ladder project name,,,,,,
CM1763,,梯形图工程项目名,Ladder project name,,,,,,
CM1764,,梯形图工程项目名,Ladder project name,,,,,,
CM1765,,梯形图工程项目名,Ladder project name,,,,,,
CM1766,,梯形图工程项目名,Ladder project name,,,,,,
CM1767,,梯形图工程项目名,Ladder project name,,,,,,
CM1768,,梯形图工程项目名,Ladder project name,,,,,,
CM1769,,梯形图工程项目名,Ladder project name,,,,,,
CM1770,,梯形图工程项目名,Ladder project name,,,,,,
CM1771,,梯形图工程项目名,Ladder project name,,,,,,
CM1772,,梯形图工程项目名,Ladder project name,,,,,,
CM1780,,AW初始画面设定 有效,AW InitSrrnSet Valid,,,,,,
CM1781,,AW初始画面设定 软元件类型,AW InitScrnSet Device type,,,,,,
CM1782,,AW初始画面设定 画面ID,AW InitScrnSet Screen ID,,,,,,
CM1783,,AW初始画面设定 画面ID,AW InitScrnSet Screen ID,,,,,,
CM1784,,AW初始画面设定 软元件编号,AW InitScrnSet Device No.,,,,,,
CM1785,,AW初始画面设定 软元件编号,AW InitScrnSet Device No.,,,,,,
CM1786,,AW初始画面设定 显示格式,AW InitScrnSet Display format,,,,,,
CM1787,,AW初始画面设定 软元件显示,AW InitScrnSet Device Display,,,,,,
CM1788,,AW初始画面设定 按键锁定状态,AW InitScrnSet Key lock status,,,,,,
CM1790,,AutoLoad文件夹编号(请求),AutoLoad fold No. (request),,,,,,
CM1791,,自动加载完成代码,AutoLoad complete code,,,,,,
CM1792,,AutoLoad文件夹编号(完成),AutoLoad fold No. (completed),,,,,,
CM1794,,RunLoad文件夹编号(请求),RunLoad fold No. (request),,,,,,
CM1795,,RunLoad 完成代码,RunLoad completion code,,,,,,
CM1796,,RunLoad文件夹编号(完成),RunLoad fold No. (completed),,,,,,
CM1869,,扩展单元连接台数,Number of expansion units,,,,,,
CM1880,,项目加载时驱动器编号(请求),Project load driveNo.(request),,,,,,
CM1881,,项目加载时文件夹编号(请求),Project load folderNo.(request),,,,,,
CM1882,,项目加载时驱动器编号(完成),Project load driveNo.(complete),,,,,,
CM1883,,项目加载时文件夹编号(完成),Project load folderNo.(complete),,,,,,
CM1884,,项目加载时完成代码,Project load completion code,,,,,,
CM1888,,项目保存时驱动器编号(请求),Project save driveNo.(request),,,,,,
CM1889,,项目保存时文件夹编号(请求),Project save folderNo.(request),,,,,,
CM1890,,项目保存时驱动器编号(完成),Project save driveNo.(complete),,,,,,
CM1891,,项目保存时文件夹编号(完成),Project save folderNo.(complete),,,,,,
CM1892,,项目保存时完成代码,Project save completion code,,,,,,
CM2390,,存储指令用错误代码,Storage instr err code,,,,,,
CM2391,,存储访问中电源OFF,Storage OFF in access,,,,,,
CM2392,,存储卡重试发生次数,Mem Card retry count,,,,,,
CM2393,,存储卡校验出错次数,Mem Card verify error count,,,,,,
CM2394,,存储卡超时发生次数,Mem Card timeout count,,,,,,
CM2395,,存储卡出错时重置延迟时间,Mem Card reset delay,,,,,,
CM2400,,单元g同步刷新 开始时间,Unit Sync Refresh start time,,,,,,
CM2401,,单元g同步刷新 开始时间,Unit Sync Refresh start time,,,,,,
CM2402,,单元g同步刷新 Y束rg,Unit Sync Refresh end time,,,,,,
CM2403,,单元g同步刷新 Y束rg,Unit Sync Refresh end time,,,,,,
CM2404,,单元g同步刷新 开始时间最大值,Unit Sync Refresh start time max,,,,,,
CM2405,,单元g同步刷新 开始时间最大值,Unit Sync Refresh start time max,,,,,,
CM2406,,单元g同步刷新 Y束rg最大值,Unit Sync Refresh end time max,,,,,,
CM2407,,单元g同步刷新 Y束rg最大值,Unit Sync Refresh end time max,,,,,,
CM2408,,单元g同步刷新 执行时间,Unit Sync Refresh execution time,,,,,,
CM2409,,单元g同步刷新 执行时间,Unit Sync Refresh execution time,,,,,,
CM5100,,最新严重错误 年月,Newest error Y/M,,,,,,
CM5101,,最新严重错误 日,Newest error D,,,,,,
CM5102,,最新严重错误 时,Newest error Hr,,,,,,
CM5103,,最新严重错误 分,Newest error Min,,,,,,
CM5104,,最新严重错误 秒,Newest error Sec,,,,,,
CM5105,,最新严重错误 编号,Newest error No.,,,,,,
CM5106,,最新严重错误 有效数据数,Newest error valid cnt,,,,,,
CM5107,,最新严重错误 详细信息01,Newest error detail 01,,,,,,
CM5108,,最新严重错误 详细信息02,Newest error detail 02,,,,,,
CM5109,,最新严重错误 详细信息03,Newest error detail 03,,,,,,
CM5110,,最新严重错误 详细信息04,Newest error detail 04,,,,,,
CM5111,,最新严重错误 详细信息05,Newest error detail 05,,,,,,
CM5112,,最新严重错误 详细信息06,Newest error detail 06,,,,,,
CM5113,,最新严重错误 详细信息07,Newest error detail 07,,,,,,
CM5114,,最新严重错误 详细信息08,Newest error detail 08,,,,,,
CM5115,,最新严重错误 详细信息09,Newest error detail 09,,,,,,
CM5116,,最新严重错误 详细信息10,Newest error detail 10,,,,,,
CM5117,,最新严重错误 详细信息11,Newest error detail 11,,,,,,
CM5118,,最新严重错误 详细信息12,Newest error detail 12,,,,,,
CM5119,,最新严重错误 详细信息13,Newest error detail 13,,,,,,
CM5120,,最新严重错误 详细信息14,Newest error detail 14,,,,,,
CM5121,,最新严重错误 详细信息15,Newest error detail 15,,,,,,
CM5122,,最新严重错误 详细信息16,Newest error detail 16,,,,,,
CM5123,,最新严重错误 详细信息17,Newest error detail 17,,,,,,
CM5124,,最新严重错误 详细信息18,Newest error detail 18,,,,,,
CM5125,,最新严重错误 详细信息19,Newest error detail 19,,,,,,
CM5126,,最新严重错误 详细信息20,Newest error detail 20,,,,,,
CM5150,,最新一般错误 年月,Newest warning Y/M,,,,,,
CM5151,,最新一般错误 日,Newest warning D,,,,,,
CM5152,,最新一般错误 时,Newest warning Hr,,,,,,
CM5153,,最新一般错误 分,Newest warning Min,,,,,,
CM5154,,最新一般错误 秒,Newest warning Sec,,,,,,
CM5155,,最新一般错误 编号,Newest warning No.,,,,,,
CM5156,,最新一般错误 有效数据数,Newest warning valid cnt,,,,,,
CM5157,,最新一般错误 详细信息01,Newest warning detail 01,,,,,,
CM5158,,最新一般错误 详细信息02,Newest warning detail 02,,,,,,
CM5159,,最新一般错误 详细信息03,Newest warning detail 03,,,,,,
CM5160,,最新一般错误 详细信息04,Newest warning detail 04,,,,,,
CM5161,,最新一般错误 详细信息05,Newest warning detail 05,,,,,,
CM5162,,最新一般错误 详细信息06,Newest warning detail 06,,,,,,
CM5163,,最新一般错误 详细信息07,Newest warning detail 07,,,,,,
CM5164,,最新一般错误 详细信息08,Newest warning detail 08,,,,,,
CM5165,,最新一般错误 详细信息09,Newest warning detail 09,,,,,,
CM5166,,最新一般错误 详细信息10,Newest warning detail 10,,,,,,
CM5167,,最新一般错误 详细信息11,Newest warning detail 11,,,,,,
CM5168,,最新一般错误 详细信息12,Newest warning detail 12,,,,,,
CM5169,,最新一般错误 详细信息13,Newest warning detail 13,,,,,,
CM5170,,最新一般错误 详细信息14,Newest warning detail 14,,,,,,
CM5171,,最新一般错误 详细信息15,Newest warning detail 15,,,,,,
CM5172,,最新一般错误 详细信息16,Newest warning detail 16,,,,,,
CM5173,,最新一般错误 详细信息17,Newest warning detail 17,,,,,,
CM5174,,最新一般错误 详细信息18,Newest warning detail 18,,,,,,
CM5175,,最新一般错误 详细信息19,Newest warning detail 19,,,,,,
CM5176,,最新一般错误 详细信息20,Newest warning detail 20,,,,,,
CM5872,,CPU存储器的使用情况,Usage of CPU Memory,,,,,,
CM5873,,CPU存储器的使用情况,Usage of CPU Memory,,,,,,
DM10090.0,,PLC运转模式,,,,,,,
DM10090.1,,PLC错误状态,,,,,,,
